frame,finite,inside_image,landmark_quality,bone_consistency,left_target,raw_pose_valid,near_heuristic_stroke,landmark_quality_min_critical,time_s,smooth_window_valid,normal_force_plausible,friction_compatible,double_support_compatible,feet_quasistationary,total_force_valid,torque_valid,com_x_m,com_z_projected_m,com_ax_m_s2,com_az_m_s2,required_hdot_Nm_diagnostic,load_fraction_left_diagnostic,support_lever_m_diagnostic,moment_balance_residual_Nm_diagnostic,total_Fx_N,total_Fz_N,total_Fz_BW,left_Fx_N,left_cop_x_m_assumed,left_Fz_N,left_cop_z_m_assumed,left_ankle_Nm,left_ankle_Nm_kg,left_knee_Nm,left_knee_Nm_kg,left_hip_Nm,left_hip_Nm_kg,right_Fx_N,right_cop_x_m_assumed,right_Fz_N,right_cop_z_m_assumed,right_ankle_Nm,right_ankle_Nm_kg,right_knee_Nm,right_knee_Nm_kg,right_hip_Nm,right_hip_Nm_kg
0,1,1,1,1,1,1,0,0.7695085406303406,0.0,0,0,0,0,0,0,0,,,,,,,,,,,,,,,,,,,,,,,,,,,,,,,
1,1,1,1,1,1,1,0,0.7595602869987488,0.060744,0,0,0,0,0,0,0,,,,,,,,,,,,,,,,,,,,,,,,,,,,,,,
2,1,1,1,1,1,1,0,0.7504090070724487,0.094078,0,0,0,0,0,0,0,,,,,,,,,,,,,,,,,,,,,,,,,,,,,,,
3,1,1,1,1,1,1,0,0.743407130241394,0.127411,0,0,0,0,0,0,0,,,,,,,,,,,,,,,,,,,,,,,,,,,,,,,
4,1,1,1,1,1,1,0,0.7399928569793701,0.160744,0,0,0,0,0,0,0,,,,,,,,,,,,,,,,,,,,,,,,,,,,,,,
5,1,1,1,1,1,1,0,0.73508220911026,0.194078,0,0,0,0,0,0,0,,,,,,,,,,,,,,,,,,,,,,,,,,,,,,,
6,1,1,1,1,1,1,0,0.7323933839797974,0.227411,0,0,0,0,0,0,0,,,,,,,,,,,,,,,,,,,,,,,,,,,,,,,
7,1,1,1,1,1,1,0,0.7276621460914612,0.260733,1,1,1,0,1,1,0,0.3565837803319718,1.0303796668707896,-0.6677035311485879,-0.10621719305683146,15.903493089805528,-0.1655619924040827,0.3068230582436709,8.881784197001252e-15,-60.213504438979676,875.0871335301351,0.9911509044400669,,,,,,,,,,,,,,,,,,,,
8,1,1,1,1,1,1,0,0.7216987013816833,0.294067,1,1,1,0,1,1,0,0.3561400204463111,1.030257902749961,-0.691180198996547,-0.15873961642802337,12.555627354123185,-0.16715473142312215,0.29717371709222956,-1.0658141036401503e-14,-62.330630345508624,870.350661390521,0.9857862287807464,,,,,,,,,,,,,,,,,,,,
9,1,1,1,1,1,1,0,0.717336893081665,0.3274,1,1,1,0,1,1,0,0.35473345749813356,1.029884285580548,-0.633792623895314,-0.18808786634993166,7.2978383878157524,-0.139194317931775,0.28260665445801997,-7.993605777301127e-15,-57.155418822879426,867.7040362125634,0.9827885787887228,,,,,,,,,,,,,,,,,,,,
10,1,1,1,1,1,1,0,0.7113197445869446,0.360733,1,1,1,0,1,1,0,0.35273488604021425,1.029131204339464,-0.5703583004280338,-0.17243591980914813,3.684838444110131,-0.12163786650764666,0.26401743640766234,0.0,-51.434911532600104,869.1155287516112,0.9843872791387599,,,,,,,,,,,,,,,,,,,,
11,1,1,1,1,1,1,0,0.7000529766082764,0.394067,1,1,1,0,1,1,0,0.34996181585846897,1.028240749791367,-0.4587419588206285,-0.1605392926982004,-0.188727610163312,-0.07959998683155975,0.24555277185331018,-3.524958103184872e-15,-41.36934984644429,870.1883665844766,0.9856024086357192,,,,,,,,,,,,,,,,,,,,
12,1,1,1,1,1,1,0,0.6883414387702942,0.4274,1,1,1,0,1,1,0,0.34674454914191577,1.0269968141399417,-0.372223952347682,-0.09928793258888634,-1.317669073070773,-0.05123041828372264,0.22805428292662716,-1.7763568394002505e-15,-33.567156022713974,875.7120142391344,0.9918586637661505,,,,,,,,,,,,,,,,,,,,
13,1,1,1,1,1,1,0,0.6756723523139954,0.460733,1,1,1,0,1,1,0,0.34285945738429485,1.0256708345626484,-0.26158942418151954,-0.03986749718468355,-2.5475884650806795,-0.0007122407794502714,0.21371186313925022,3.1086244689504383e-15,-23.590134272689436,881.0705491038855,0.9979279070153872,,,,,,,,,,,,,,,,,,,,
14,1,1,1,1,1,1,0,0.6624212265014648,0.494067,1,1,1,1,1,1,1,0.3387765008988709,1.024335668767249,-0.19825586217957783,0.007410522749521659,-3.915618439936369,0.03824765727153017,0.2027389737954412,4.440892098500626e-16,-17.87871365135433,885.3340809415522,1.0027569157793093,-0.6838189121928282,0.15694976997055815,33.86195449865764,0.15178980121393298,-0.636655240956292,-0.007073947121736578,-1.9337194619260258,-0.021485771799178065,0.20520895726906785,0.002280099525211865,-17.194894739161505,0.36140656092395507,851.4721264428946,0.06877227829874102,-26.901153026982218,-0.2989017002998024,3.2352205997183194,0.03594689555242577,-144.03493072440864,-1.600388119160096
15,1,1,1,1,1,1,0,0.6497746109962463,0.5274,1,1,1,1,1,1,1,0.33470607245162826,1.023305711744284,-0.19421484325660326,-0.031547362450358406,-5.828154078566228,0.05760507453593471,0.1959919475199846,-2.6645352591003757e-15,-17.514294564880487,881.8208588542268,0.9987777311747952,-1.0089122438542566,0.16080440649845368,50.797356301639695,0.14493322881959791,-0.9604796371177408,-0.010671995967974897,0.49092277752740454,0.005454697528082273,2.3458723642198405,0.02606524849133156,-16.505382321026232,0.3583403927857427,831.0235025525872,0.06913913764137423,-22.832266321189042,-0.2536918480132116,3.929143961633722,0.043657155129263575,-140.22728317234365,-1.5580809241371516
16,1,1,1,1,1,1,0,0.642508864402771,0.560722,1,1,1,1,1,1,1,0.33032801561326725,1.0223883783416474,-0.15805422094374777,-0.1281422167546102,-7.0959059294228215,0.0999503890454305,0.1941113780493553,1.7763568394002505e-15,-14.253329644707177,873.1099348930695,0.9889114677687953,-1.42462584318125,0.16187682572898085,87.26767767199279,0.13973520886373852,-1.7905655071642816,-0.019895172301825352,5.798460691322029,0.06442734101468922,6.149304733129025,0.06832560814587806,-12.828703801525927,0.35714814195762135,785.8422572210767,0.07026569426486523,-21.5059871188703,-0.23895541243189225,1.0485088786263645,0.01165009865140405,-136.10215625101026,-1.5122461805667806
17,1,1,1,1,1,1,0,0.6343935132026672,0.594056,1,1,1,1,1,1,1,0.3258688181196916,1.0213171472062956,-0.11957779962659933,-0.2349081294190614,-7.819665769388445,0.15129225718632902,0.19744193226832357,-1.7763568394002505e-15,-10.78352597032673,863.4817848889893,0.9780063256189707,-1.6314639844781298,0.16028281786081552,130.6381082751354,0.13621470889092513,-2.9180658694869703,-0.03242295410541078,12.350591643327052,0.13722879603696725,10.299340548792973,0.1144371172088108,-9.1520619858486,0.35852690929583664,732.843676613854,0.07321530849813858,-22.921430181341755,-0.25468255757046393,-4.157181922125876,-0.04619091024584306,-132.715304693351,-1.4746144965927888
18,1,1,1,1,1,1,0,0.6264905333518982,0.627389,1,1,1,1,1,1,1,0.321280447658383,1.0197132488456768,-0.056943346197148366,-0.27902970651459585,-7.672545251599627,0.21142449796402873,0.20339949098094676,8.881784197001252e-16,-5.135150960058841,859.502901066514,0.9734997180501913,-1.0856967136999405,0.15724990986178683,181.71996935661397,0.13347135171695376,-4.153911162874556,-0.04615456847638396,19.857650634361462,0.22064056260401624,14.24281034411108,0.1582534482679009,-4.0494542463589,0.36099652321678155,677.7829317099,0.07597887628993738,-25.22727001174361,-0.28030300013048454,-10.560734884878656,-0.11734149872087395,-131.15714987982682,-1.457301665331409
19,1,1,1,1,1,1,0,0.6155174374580383,0.660722,1,1,1,1,1,1,1,0.3163663643497281,1.0177975217814454,0.06849214186731509,-0.3085692468368271,-5.79182597669077,0.28796848568840594,0.20785599350335013,-3.552713678800501e-15,6.176621353594476,856.8390253202552,0.9704825295279819,1.7786722978652734,0.15521232885349084,246.7426366002036,0.1312683657543627,-5.8385642287924435,-0.06487293587547159,27.84261306241909,0.3093623673602121,16.596322311218845,0.18440358123576495,4.397949055729203,0.36269524750668297,610.0963887200517,0.07876516158003503,-26.955721322609875,-0.2995080146956653,-17.4576616410979,-0.19397401823442112,-127.82705888731513,-1.4203006543035015
20,1,1,1,1,1,1,0,0.6073171496391296,0.694056,1,1,1,1,1,1,1,0.3115750782528037,1.015693218225684,0.16703393846099868,-0.35463376470691355,-2.9954617610806706,0.3393441124367253,0.21188403322348334,1.3322676295501878e-15,15.063120570412865,852.6849270987309,0.9657774686813125,5.111581280494133,0.15239689211025043,289.35360977449267,0.1291675073101408,-6.68826279338862,-0.07431403103765133,33.01894981628638,0.36687722018095975,17.342513035921,0.19269458928801114,9.951539289918731,0.36344284745736694,563.3313173242382,0.07985467666569555,-27.771579362157617,-0.30857310402397353,-22.35899360602122,-0.24843326228912466,-125.40131267286995,-1.3933479185874438
21,1,1,1,1,1,1,0,0.5995309352874756,0.727389,1,1,1,1,1,1,1,0.30706765926494856,1.012985576483981,0.22150182898800633,-0.33350373899671554,0.7545565922602308,0.3580903251652273,0.21235867954020346,5.662137425588298e-15,19.975034938138414,854.5904328172765,0.9679357037232714,7.152866756184761,0.1508845635047053,306.02056597063086,0.1267921065671624,-7.04700587297138,-0.07830006525523756,34.73858106510718,0.3859842340567464,17.01410257209073,0.18904558413434147,12.822168181953653,0.3622013516005967,548.5698668466456,0.07973546556667048,-29.01212636112679,-0.3223569595680754,-25.11622689870121,-0.27906918776334677,-126.03496293391932,-1.400388477043548
22,1,1,1,1,1,1,0,0.5910575985908508,0.760722,1,1,1,1,1,1,1,0.3029065059269845,1.0096022880930269,0.2350324954542325,-0.2225863031503822,4.624556754740913,0.35065140538078265,0.211588393094822,8.881784197001252e-15,21.19523044006269,864.5929671818988,0.9792648852439673,7.432137341177527,0.1491145019273924,303.1707390246737,0.12421793791609445,-6.760552395062437,-0.07511724883402707,34.831130908555835,0.38701256565062037,16.710423504227535,0.18567137226919483,13.763093098885165,0.35964306192855555,561.422228157225,0.07839224739312134,-31.30172176890885,-0.34779690854343165,-26.793085417872714,-0.2977009490874746,-130.26585816570199,-1.4473984240633553
23,1,1,1,1,1,1,0,0.5898418426513672,0.794056,1,1,1,1,1,1,1,0.2994221773678241,1.0056274510299013,0.13689443148393077,-0.010689104248660238,8.715943781486617,0.29622000802110887,0.21259364156895566,5.329070518200751e-15,12.34513983122088,883.701856578856,1.0009082077005957,3.65687741982596,0.14730608999300596,261.7701710440575,0.12191208147294687,-5.543502536531395,-0.061594472628126604,31.104814264316477,0.34560904738129417,17.10621275570592,0.19006903061895464,8.688262411394922,0.35929133594261076,621.9316855347985,0.07687643896224605,-36.667775876560505,-0.4074197319617834,-28.124626397485525,-0.3124958488609503,-143.02598353033204,-1.589177594781467
24,1,1,1,1,1,1,0,0.5892136693000793,0.827389,1,1,1,1,1,1,1,0.29639119374419365,1.0016024551922182,-0.04590184715440517,0.22030319871468582,12.610904811730023,0.21370432020548638,0.21456212321026277,0.0,-4.139428576384259,904.5327424600905,1.0245019169329375,-0.8846137699553623,0.1456569826186045,193.30255483103792,0.11990517552922822,-3.7872855961950815,-0.04208095106883424,23.51073552612054,0.2612303947346727,15.53043711483734,0.17256041238708156,-3.2548148064288966,0.36042512101861307,711.2301876290526,0.0753784418362799,-43.908558909584606,-0.48787287677316227,-28.004305771643324,-0.31115895301825913,-158.7101016051723,-1.7634455733908032
25,1,1,1,1,1,1,0,0.5864412784576416,0.860711,1,1,1,1,1,1,1,0.2930858724233776,0.9979656109293801,-0.18307699049277995,0.4084062042277586,14.391479073382367,0.17166814159192997,0.21764163541039405,3.552713678800501e-15,-16.5098830026389,921.4958714972596,1.0437148844685236,-2.8342209329632126,0.1441472521311831,158.19148374457046,0.11875444605319546,-2.9851093072459993,-0.033167881191622214,19.323265312249816,0.21470294791388686,14.5897621117658,0.16210846790850889,-13.675662069675688,0.3626232591751784,763.3043877526891,0.07413367768360399,-48.5317878280483,-0.5392420869783144,-27.033514902582898,-0.3003723878064766,-167.12358226191947,-1.8569286917991052
26,1,1,1,1,1,1,0,0.5842264294624329,0.894044,1,1,1,1,1,1,1,0.28909750265968936,0.995114279575597,-0.1966523015630612,0.49601313448055045,13.12428006934467,0.20419147440456023,0.22223302894705033,5.329070518200751e-15,-17.734104554956865,929.3962644674564,1.0526631152649861,-3.6211529563212697,0.1430659023779484,189.7747935477005,0.11811842690553628,-3.8177899586278925,-0.042419888429198804,23.96567368126881,0.266285263125209,18.16115487050197,0.20179060967224413,-14.112951598635595,0.3661909155066671,739.6214709197559,0.0734920144972505,-48.32084567926166,-0.5368982853251295,-27.985082532944674,-0.31094536147716306,-164.72352069479228,-1.8302613410532476
27,1,1,1,1,1,1,0,0.5930898189544678,0.927378,1,1,1,1,1,1,1,0.2850270796856848,0.9929814644568384,-0.20987675928887822,0.5245214146251871,8.35622787750332,0.25615214484762355,0.2274185116463006,8.881784197001252e-15,-18.926686152671042,931.9671411708997,1.055574970178842,-4.848111252864504,0.14255468064504576,238.72538213843393,0.11841239722736899,-5.197311707680813,-0.05774790786312014,30.927230509139637,0.34363589454599597,22.72440666800744,0.25249340742230486,-14.078574899806537,0.3709269955891474,693.2417590324658,0.07375526614798938,-45.28277617934998,-0.5031419575483331,-28.006255196048528,-0.3111806132894281,-156.5537042721148,-1.7394856030234978
28,1,1,1,1,1,1,0,0.598972499370575,0.960711,1,1,1,1,1,1,1,0.2812658636318172,0.9912430226866467,-0.34784608216664525,0.5899589555063093,4.759463176430556,0.2560419127799502,0.23190006564177693,8.881784197001252e-15,-31.368759689788078,937.8682986075593,1.0622588046296966,-8.031717232507937,0.14287875718885998,240.13359311115698,0.11945654941063663,-5.525643819830284,-0.06139604244255871,32.06324751211769,0.35625830569019656,23.958098186537413,0.26620109096152683,-23.33704245728014,0.3763909228337504,697.7347054964023,0.07513480205790038,-46.66857648239126,-0.5185397386932362,-25.68582864546869,-0.2853980960607632,-153.79223306744166,-1.7088025896382406
29,1,1,1,1,1,1,0,0.6045070290565491,0.994044,1,1,1,1,1,1,1,0.276412440981257,0.9903150064228816,-0.3323570887846822,0.6143191924447118,0.610852733699863,0.32008624164821303,0.23643104774963097,1.7763568394002505e-15,-29.971962266602645,940.0651047746644,1.0647469756197354,-9.593612756738898,0.1439438821680084,300.9019062919559,0.12100623048321885,-7.828920383087936,-0.08698800425653262,40.09826538465606,0.445536282051734,25.970806036221454,0.2885645115135717,-20.378349509863746,0.3818729698847789,639.1631984827084,0.07778857282245744,-44.29326218982136,-0.4921473576646818,-25.653082777710836,-0.2850342530856759,-142.77352005343621,-1.5863724450381802
30,1,1,1,1,1,1,0,0.6076120734214783,1.027378,1,1,1,1,1,1,1,0.2708547193509189,0.990154211985665,-0.21310495292186785,0.6053960775272492,-1.7933150087410075,0.40915935426466526,0.23941541522788273,3.3306690738754696e-15,-19.217804654494046,939.2604182714076,1.0638355626587468,-7.863144542817262,0.14520138113671333,384.30718622628854,0.12302736239189595,-11.243782093281112,-0.12493091214756791,48.82104574313759,0.5424560638126399,23.7062914186822,0.26340323798535775,-11.354660111676784,0.38556155018379634,554.9532320451191,0.07930203226184204,-39.03067020819295,-0.4336741134243661,-25.43956543195727,-0.28266183813285856,-127.04681828517997,-1.4116313142797774
31,1,1,1,1,1,1,0,0.6038310527801514,1.060711,1,1,1,1,1,1,1,0.2650084099168469,0.9910032828692288,-0.052340529184055996,0.5073595522244179,-4.481499633652807,0.5110398247441735,0.2411205394169065,1.865174681370263e-14,-4.720068921818171,930.4194844195983,1.0538220460070202,-2.412143194586378,0.14668464751045812,475.48141025635584,0.1251068159240831,-15.370091175714181,-0.17077879084126868,55.93264002788517,0.6214737780876131,14.73290256999991,0.16369891744444345,-2.3079257272317926,0.3880353774678136,454.9380741632425,0.08034328595140036,-31.790080814776577,-0.35322312016418417,-23.94382154436415,-0.2660424616040461,-105.48493808397276,-1.1720548675996973
32,1,1,1,1,1,1,0,0.5983858704566956,1.094044,1,1,1,1,1,1,1,0.25870645590234975,0.9927021319207909,0.22244775739011197,0.3405532974203454,-9.841235486475002,0.6664128022821225,0.24291126183444844,-1.2434497875801753e-14,20.060338761440303,915.376896361367,1.0367843429169408,13.368466568740114,0.14793053321852973,610.0188826484906,0.12692538178377497,-21.809287637975405,-0.24232541819972672,63.05031261962861,0.7005590291069846,-6.693067175219156,-0.07436741305799062,6.691872192700187,0.3899113832728316,305.35801371287636,0.0818082345863336,-21.061847478237887,-0.23402052753597652,-19.960341073092415,-0.22178156747880462,-69.92890926365513,-0.7769878807072792
33,1,1,1,1,1,1,0,0.594872772693634,1.127367,1,1,1,1,1,1,1,0.25290353545027583,0.9945364781878825,0.4495093789777348,0.22928479601197854,-13.602209996701383,0.7932620244939714,0.2434269913699524,0.0,40.536755796212134,905.3427029043604,1.0254193033235477,32.15626896932097,0.14871276256675328,718.173985366757,0.12819730106153684,-27.409670763575708,-0.30455189737306343,64.22342660092531,0.7135936288991701,-33.82974256525422,-0.3758860285028247,8.380486826891167,0.390375578397265,187.16871753760336,0.08334943294362604,-12.634924555377475,-0.1403880506153053,-13.911831622423357,-0.15457590691581508,-37.00657211839107,-0.41118413464878967
34,1,1,1,1,1,1,0,0.5929402112960815,1.1607,1,1,1,1,1,1,1,0.24787937359209475,0.9965896562203721,0.5909402094537721,0.1231290673979945,-17.00811589368122,0.8860447630175021,0.2426098039013237,7.105427357601002e-15,53.290988088541184,895.7695792979515,1.0145764857831594,47.218200911880004,0.14957195112699953,793.691944607341,0.12882828031978477,-31.528672205589814,-0.35031858006210903,61.78499147991647,0.6864999053324052,-59.23935726155026,-0.6582150806838918,6.0727871766611825,0.3899825685934962,102.0776346906105,0.08465182070817875,-6.520007428961777,-0.07244452698846418,-7.965237145151658,-0.08850263494612953,-10.825144616367268,-0.12027938462630298
35,1,1,1,1,1,1,0,0.589592456817627,1.194033,1,1,1,1,1,1,1,0.24396790746297675,0.9984354156627735,0.5982837258895461,0.09014733563318006,-17.700102360902036,0.9114848166581251,0.2425378401998232,0.0,53.95322640071928,892.7952867274004,1.0112077095111567,49.17754667397393,0.15008258192716636,813.7693482359628,0.1288205698135514,-32.920306785563994,-0.3657811865062666,57.46522850463312,0.638502538940368,-70.44277170159043,-0.7826974633510048,4.775679726745353,0.3904466224028431,79.02593849143763,0.08552762630536358,-4.836283952296894,-0.053736488358854376,-6.090060924244543,-0.06766734360271714,-3.7504467698243715,-0.04167163077582635
36,1,1,1,1,1,1,0,0.581427276134491,1.227367,1,1,1,1,1,1,1,0.2407289513091505,1.000613228662675,0.5758412472102743,0.01278994351249956,-17.034680509503602,0.9172960751627409,0.24291963117116286,4.618527782440651e-14,51.92936367342255,885.8191971059575,1.0033063734352219,47.63460148332912,0.15024899871646413,812.5584728091052,0.12852134852533195,-33.2203182209337,-0.3691146468992633,51.94040909993696,0.5771156566659662,-76.20586868310666,-0.8467318742567407,4.29476219009343,0.39109987322567663,73.2607242968523,0.08611794458624011,-4.425583665955565,-0.04917315184395072,-5.533370403145387,-0.061481893368282074,-2.193097989439085,-0.02436775543821206
37,1,1,1,1,1,1,0,0.5807018876075745,1.2607,1,1,1,1,1,1,1,0.2379555085375972,1.0029051783945169,0.5626856535353114,-0.07392164731352319,-14.302535278914453,0.9143584923785942,0.24361468473135955,-3.907985046680551e-14,50.7429922358144,877.9995458452667,0.9944495932101785,46.397285879517966,0.15022606508100692,802.8063410481684,0.1283974216730207,-33.255621169851764,-0.36950690188724183,44.461229266138695,0.49401365851265217,-80.20349103240031,-0.8911499003600034,4.345706356296432,0.39181475578253244,75.1932047970982,0.08630805525649078,-4.553266893825691,-0.05059185437584101,-5.696661099266506,-0.06329623443629451,-3.0813525193527624,-0.03423725021503069
38,1,1,1,1,1,1,0,0.5716477632522583,1.294033,1,1,1,1,1,1,1,0.23589949114717784,1.0053375012592296,0.49369482904992373,-0.20164133550062252,-11.031573254465835,0.8854693905928156,0.2448826921465419,-1.9539925233402755e-14,44.52139968372213,866.4817843645541,0.9814042183311292,39.422336646284606,0.15001941834873284,767.2430975610572,0.12827499694897088,-31.871543194012503,-0.35412825771125,37.989153868004934,0.4221017096444993,-76.08177806389821,-0.845353089598869,5.0990630374375225,0.39307979890647743,99.23868680349692,0.08652180009429986,-6.248031738093282,-0.06942257486770313,-7.5069727020184125,-0.08341080780020459,-10.332899529868547,-0.11480999477631719
39,1,1,1,1,1,1,0,0.5695584416389465,1.327367,1,1,1,1,1,1,1,0.23493765073192685,1.0072216299879486,0.2894356575428839,-0.25913882094185847,-5.483704638017922,0.7880311138073248,0.2455042653352785,-2.4868995751603507e-14,26.10130759721728,861.2966611274635,0.975531386484838,20.568642497662722,0.14987017160545518,678.7285671868051,0.12823084918962946,-27.50133282447817,-0.3055703647164241,34.80683146216688,0.3867425718018543,-56.147929560491036,-0.623865884005456,5.532665099554557,0.3942286531970264,182.56809394065843,0.08670291773774097,-11.894732939722923,-0.1321636993302547,-12.623037284335783,-0.14025596982595315,-32.28429815841156,-0.35871442398235065
40,1,1,1,1,1,1,0,0.5710367560386658,1.3607,1,1,1,1,1,1,1,0.23473260240340804,1.0087820759485835,0.02598319236276829,-0.32552319449094685,1.1668939647556038,0.6577810157911651,0.24534351734844548,-1.6431300764452317e-14,2.343164287274445,855.3101183208067,0.9687508419082644,1.5412889850489657,0.14972443475306987,562.6067584455219,0.1287334281856667,-21.909578278970244,-0.24343975865522494,32.55527917224903,0.3617253241361003,-32.82385980490585,-0.3647095533878428,0.8018753022254791,0.39495432390331,292.7033598752849,0.08692039654961262,-18.863533117819898,-0.2095948124202211,-17.358121317370056,-0.19286801463744507,-56.33675426243931,-0.6259639362493257
41,1,1,1,1,1,1,0,0.572235107421875,1.394033,1,1,1,1,1,1,1,0.23400719753126933,1.0100497180325108,-0.09315992049527892,-0.4212802679231031,4.1936466326348425,0.600650664876432,0.24543260325450197,2.6645352591003757e-15,-8.401161630264255,846.6747454386948,0.9589701500041847,-5.046163318952595,0.14967719576777483,508.55574878183586,0.1297213047678707,-19.556624499146967,-0.21729582776829964,30.281955909987374,0.3364661767776375,-24.47781631456809,-0.2719757368285344,-3.3549983113116606,0.39554452445249144,338.11899665685894,0.08712700927741543,-21.57437632758488,-0.23971529252872087,-19.06383211731079,-0.21182035685900877,-64.3597544869106,-0.7151083831878956
42,1,1,1,1,1,1,0,0.5713123679161072,1.427356,1,1,1,1,1,1,1,0.2329141240490239,1.0106090687734934,-0.1567359592570926,-0.45616128307424264,7.093501222548951,0.5663918581557823,0.24545472350773467,-1.3322676295501878e-14,-14.134448805804615,843.529175492365,0.9554073796492977,-8.005636723127454,0.14961741904482062,477.7680571157356,0.13093593787805652,-18.275776363400777,-0.20306418181556418,28.574332662663206,0.3174925851407023,-20.482659531770537,-0.2275851059085615,-6.128812082677161,0.39583909774434844,365.7611183766294,0.08722116646110023,-23.22719334827201,-0.2580799260919112,-20.417992400827277,-0.22686658223141418,-69.38599656557284,-0.7709555173952538
43,1,1,1,1,1,1,0,0.5715667009353638,1.460689,1,1,1,1,1,1,1,0.23123346382474386,1.0103591543480088,-0.10651849683300435,-0.38989426443969105,6.143107041129807,0.5978887708827886,0.2456910188438309,-1.1546319456101628e-14,-9.605838044400334,849.5051352328288,0.962175937515946,-5.743222701665646,0.14958859907833066,507.9095811629731,0.1326131325644914,-19.80692772440359,-0.22007697471559545,28.948756953769408,0.3216528550418823,-26.485272944246823,-0.29428081049163135,-3.862615342734689,0.39580655461117614,341.5955540698557,0.08740182138611685,-21.591797282749898,-0.2399088586972211,-20.573708583846404,-0.22859676204273782,-66.26607840714205,-0.7362897600793561
44,1,1,1,1,1,1,0,0.5728018879890442,1.494022,1,1,1,1,1,1,1,0.22923328695858436,1.0093171341414102,0.005613342397154739,-0.18726918831484238,3.5313792209506794,0.6626290053071562,0.24586470650504963,-4.618527782440651e-14,0.5062112173754145,867.7778645977678,0.9828721991140194,0.33543023544479555,0.14984440375506872,575.0147832459869,0.13384573832493013,-23.11110335984999,-0.25679003733166655,30.32805717490101,0.33697841305445564,-38.45324268949298,-0.4272582521054776,0.17078098193061897,0.3956821418173585,292.76308135178084,0.08754309216318797,-18.569182972802817,-0.20632425525336465,-19.89037488475889,-0.2210041653862099,-58.71537845526424,-0.6523930939473804
45,1,1,1,1,1,1,0,0.5769413113594055,1.527356,1,1,1,1,1,1,1,0.2271228742877234,1.0073364472854975,0.16444761436866337,0.24678826738125326,1.330933618065722,0.7392500653787076,0.24607270579856647,3.4638958368304884e-14,14.829885863766066,906.9211659524417,1.0272071196652415,10.962994094347836,0.15014833253793478,670.4415312236763,0.13465191623403755,-27.99816609097399,-0.3110907343441554,31.814925517903205,0.3534991724211467,-55.4872175865087,-0.6165246398500966,3.8668917694182294,0.3954860626690163,236.4796347287654,0.08769276037529034,-15.07735970217722,-0.16752621891308023,-18.46280845891497,-0.20514231621016635,-48.60645250757688,-0.540071694528632
46,1,1,1,1,1,1,0,0.5719574689865112,1.560689,1,1,1,1,1,1,1,0.22575606962462297,1.006240963415597,0.21466556791456182,0.5779379012109411,-0.06309212051783786,0.7641386109100072,0.2459806643915971,-1.3100631690576847e-14,19.35854091453519,936.7842399312029,1.0610309660564083,14.792608563677462,0.14966249242241364,715.8330078234163,0.13536761015358761,-30.057261931008963,-0.3339695770112107,35.037833090830276,0.3893092565647808,-58.56081898461905,-0.6506757664957672,4.565932350857729,0.39471827180582675,220.95123210778658,0.08806994660860776,-13.972596192886998,-0.15525106880985554,-18.32556547301217,-0.20361739414457966,-46.18332622438407,-0.513148069159823
47,1,1,1,1,1,1,0,0.569933295249939,1.594022,1,1,1,1,1,1,1,0.22471164216288117,1.0056391181662143,0.2297047988385439,0.9178251793240144,-1.4570391581068096,0.7733752270099976,0.2465278410672283,-4.241051954068098e-14,20.714778759259893,967.4352746714399,1.0957472813132176,16.020296725404496,0.14868480973283948,748.1904751665041,0.13516569470896628,-31.141890431694193,-0.34602100479660214,39.57669215782667,0.4397410239758519,-54.345766994313664,-0.603841855492374,4.6944820338553965,0.394273768590063,219.24479950493566,0.08867836625272868,-13.78721106854896,-0.15319123409498844,-19.36282725661188,-0.21514252507346532,-47.24567312094682,-0.5249519235660758
48,1,1,1,1,1,1,0,0.5684066414833069,1.627356,1,1,1,1,1,1,1,0.2237930525069661,1.0066295954763345,0.24509243115879542,1.0637435235472477,-3.7413353869227284,0.784130158373132,0.25132811448554615,-3.5083047578154947e-14,22.102435441900177,980.594190953491,1.1106514791635416,17.33118620348911,0.14603144111788197,768.9134782521342,0.13358453773751158,-31.18023984145861,-0.34644710934954015,45.36693461319737,0.5040770512577486,-44.211092540194784,-0.4912343615577198,4.771249238411064,0.39643321706797785,211.6807127013568,0.08965461737945146,-13.548141156041433,-0.1505349017337937,-21.47023353368527,-0.2385581503742808,-48.42913377148038,-0.538101486349782
49,1,1,1,1,1,1,0,0.5606594085693359,1.660689,1,1,1,1,1,1,1,0.22327065292384946,1.0093073949724463,0.19755233099868322,1.0106198587891604,-4.559196802539934,0.7630851114427804,0.2602200167378557,4.440892098500626e-15,17.815269209461256,975.8034988656068,1.1052253923044588,13.594566690084877,0.14090189589814311,744.6211216781165,0.1309475373678199,-28.19560956829027,-0.31328455075878076,52.12779316853375,0.5791977018725972,-22.09813126558489,-0.2455347918398321,4.22070251937638,0.4004294185716054,231.18237718749023,0.09064203459129867,-15.456871779331026,-0.17174301977034473,-27.517895798243714,-0.30575439775826346,-58.974920224589354,-0.6552768913843262
50,1,1,1,1,1,1,0,0.5480024814605713,1.694022,1,1,1,1,1,1,1,0.22300859384766522,1.0135732461693623,0.11641898238995906,0.7743892515802103,-5.180226312231881,0.7332553236409795,0.26375263976441315,0.0,10.49866383192651,954.5002227075037,1.0810966391522296,7.6982011458771185,0.13747613285950652,699.8923697167776,0.12746320844917708,-23.909387818187664,-0.2656598646465296,56.52053991268927,0.6280059990298809,0.7559564645698202,0.008399516272998002,2.8004626860493915,0.40085200390745024,254.60785299072612,0.09175829119198911,-17.709609946598118,-0.1967734438510902,-33.91560192235497,-0.3768400213594997,-69.72967745052352,-0.7747741938947058
51,1,1,1,1,1,1,0,0.5537368655204773,1.727356,1,1,1,1,1,1,1,0.22293875484681572,1.018793201287814,0.015430045620228587,0.4720075279799235,-4.706559225983284,0.7012085022939578,0.2504418726515214,-7.105427357601002e-15,1.3914815140322143,927.2314388732299,1.0502111664664513,0.9757186684242578,0.1416887744617234,650.1825685321691,0.12315718367427061,-21.0141933146153,-0.23349103682905892,54.696783576853434,0.6077420397428159,14.767482862987055,0.1640831429220784,0.41576284560795645,0.3920854353262049,277.0488703410609,0.09284181626779084,-19.388556983856553,-0.21542841093173948,-37.277238474607756,-0.41419153860675284,-75.58008964034676,-0.8397787737816306
52,1,1,1,1,1,1,0,0.5539497137069702,1.760678,1,1,1,1,1,1,1,0.22290174207944297,1.0248277653862077,-0.07540830958790334,0.10606839182553837,-4.111549552183768,0.665557073206902,0.22386651634867535,7.993605777301127e-15,-6.800321358637125,894.2310475748272,1.0128338969020583,-4.526001980320909,0.15031870456146623,595.161798794644,0.11912488344899769,-18.81191314059524,-0.2090212571177249,49.240244151835896,0.5471138239092878,21.41074634635347,0.23789718162614967,-2.2743193783162163,0.37438077510075385,299.0692487801832,0.09426103162592608,-20.37585328252631,-0.2263983698058479,-37.33929574462344,-0.41488106382914935,-76.48825904030366,-0.8498695448922629
53,1,1,1,1,1,1,0,0.5593507885932922,1.794011,1,1,1,1,1,1,1,0.22311252686019103,1.0307713693238485,-0.2024466271380573,-0.16288607943412664,-3.4205753987807865,0.5919709388598196,0.18758616261653596,2.6645352591003757e-15,-18.25663683531001,869.9767333566307,0.9853627062596337,-10.807398447821232,0.16183636344455293,515.0009436313236,0.11521689130871499,-16.1187699559919,-0.17909744395546556,41.27687093529652,0.45863189928107245,23.661717202250507,0.2629079689138945,-7.449238387488779,0.34987457480893747,354.97578972530715,0.09564363028860148,-23.032304764457287,-0.25591449738285876,-36.56931817792602,-0.4063257575325113,-81.05164588681613,-0.900573843186846
54,1,1,1,1,1,1,0,0.5582222938537598,1.827344,1,1,1,1,0,1,0,0.22262170730546815,1.0362234380039574,-0.19444547907238396,-0.2889524216919329,-2.0914267296148106,0.555679681103058,0.14423631337427636,1.509903313490213e-14,-17.53509330274759,858.6080706118217,0.9724862052461453,,,,,,,,,,,,,,,,,,,,
55,1,1,1,1,1,1,0,0.5452532768249512,1.860678,1,1,1,1,0,1,0,0.22185882458766654,1.0414292578259885,-0.17741818016827765,-0.3855759586166286,-3.7335570316152626,0.530441161780488,0.09817010581713304,3.552713678800501e-15,-15.999571487575283,849.8945600519527,0.9626170121779959,,,,,,,,,,,,,,,,,,,,
56,1,1,1,1,1,1,0,0.5495453476905823,1.894011,1,1,1,0,0,1,0,0.2209346485215217,1.0458438947836552,-0.18575026108558176,-0.40196142820129704,-4.297877106596476,0.3410327364450553,0.04947824518884418,8.881784197001252e-16,-16.750958544697767,848.4169184048073,0.9609433892907546,,,,,,,,,,,,,,,,,,,,
57,1,1,1,1,1,1,0,0.5486737489700317,1.927344,1,1,1,0,0,1,0,0.2195476383130945,1.049561987242861,-0.16186134864609772,-0.4013629408006299,-4.794789576476815,-83.94687443018702,0.0001908400191768196,1.5543122344752192e-13,-14.596656420905095,848.4708899985995,0.9610045191965109,,,,,,,,,,,,,,,,,,,,
58,1,1,1,1,1,1,0,0.5552208423614502,1.960678,1,1,1,0,1,1,0,0.2184332692948904,1.0536489827870967,-0.24830880598825258,-0.6297765614546625,-2.349753834217576,1.4844550896548732,0.0429926255169339,3.1086244689504383e-15,-22.392488124020623,827.8725496880188,0.9376741983101357,,,,,,,,,,,,,,,,,,,,
59,1,1,1,1,1,1,0,0.5610166788101196,1.994011,1,1,1,0,1,1,0,0.21673594843963342,1.0567976975461195,-0.243894837147092,-0.8395771702763892,0.2915069764811668,1.2929449447229346,0.07526546849853279,1.715294573045867e-14,-21.994436413924763,808.9527307844755,0.9162450229748278,,,,,,,,,,,,,,,,,,,,
60,1,1,1,1,1,1,0,0.559356689453125,2.027344,1,1,1,0,1,1,0,0.21472490600176064,1.0599715143199626,-0.21050279509664238,-1.303644655581934,2.965023573317399,1.3070867485031077,0.09109104480014593,-2.4424906541753444e-14,-18.983142061815215,767.1031249596215,0.8688448578090626,,,,,,,,,,,,,,,,,,,,
61,1,1,1,1,1,1,0,0.5608189105987549,2.060667,1,1,1,0,1,1,0,0.21292168592154936,1.0620631693072036,-0.2716833284474269,-1.8833523697620767,4.3972334375493585,1.5195124621549057,0.09424210360033176,-1.9539925233402755e-14,-24.500402559388963,714.8250832948562,0.8096331218652805,,,,,,,,,,,,,,,,,,,,
62,1,1,1,1,1,1,0,0.5695415735244751,2.094,1,1,1,0,1,1,0,0.2111296017901369,1.062112107514041,-0.43073972594054116,-2.4861500463063906,6.591333934027667,1.8461142679215374,0.09936624791459266,-7.993605777301127e-15,-38.84410848531801,660.46478882409,0.7480629616310907,,,,,,,,,,,,,,,,,,,,
63,1,1,1,1,1,1,0,0.5752911567687988,2.127333,1,1,1,0,1,1,0,0.20830645396197364,1.0581885355892633,-0.48924360704744774,-2.7767670003400404,8.315546316550089,1.8668977331220904,0.11358987167596199,-1.9539925233402755e-14,-44.11998848353885,634.2569519093354,0.7183791504239838,,,,,,,,,,,,,,,,,,,,
64,1,1,1,1,1,1,0,0.5835860371589661,2.160667,1,1,1,0,1,1,0,0.2050517563428181,1.0499437752133138,-0.5814796379821647,-2.678307541546293,9.535607246787732,1.8405959797245393,0.1303864662175358,1.7763568394002505e-15,-52.43783375323163,643.1360259033555,0.7284358657870149,,,,,,,,,,,,,,,,,,,,
65,1,1,1,1,1,1,0,0.594656229019165,2.194,1,1,1,0,0,1,0,0.20082912789330487,1.037474821506437,-0.5961083005734715,-2.154372695745083,10.304907404802778,1.6859527103810736,0.1471241005368158,2.6645352591003757e-14,-53.757046545715674,690.3844702977086,0.7819509234315422,,,,,,,,,,,,,,,,,,,,
66,1,1,1,1,1,1,0,0.6089106202125549,2.227333,1,1,1,0,0,1,0,0.19527761570844643,1.0220625052510286,-0.4077499264433124,-1.375185505597903,6.511917699418936,1.3656822667440707,0.16125067929269857,3.019806626980426e-14,-36.77088836665792,760.6515711051813,0.8615376272569728,,,,,,,,,,,,,,,,,,,,
67,1,1,1,1,1,1,0,0.6155533194541931,2.260667,1,1,1,0,0,1,0,0.18968757972189634,1.0047076725798696,-0.25299050028818726,-0.39777080968783485,0.38695809148226307,1.1176758593422043,0.17418284698313027,-1.73749903353837e-14,-22.81468331598873,848.7948283823513,0.961371421885096,,,,,,,,,,,,,,,,,,,,
68,1,1,1,1,1,1,0,0.6338834166526794,2.294,1,1,1,1,0,1,0,0.183684959357123,0.9867551358488512,-0.03479516249349129,0.6508619019944548,-4.064210502492141,0.919198978836994,0.18550725705636242,1.7763568394002505e-14,-3.137827753663045,943.3605263218602,1.0684794725584552,,,,,,,,,,,,,,,,,,,,
69,1,1,1,1,1,1,0,0.6475504636764526,2.327322,1,1,1,1,1,1,1,0.1775139557776105,0.969828174499677,0.22225357564125103,1.5661715501025986,-7.677876566193331,0.7599542341941636,0.1933048300905917,4.440892098500626e-15,20.042827451328023,1025.9031503882527,1.1619698158208773,15.231631586859748,0.20015913086025627,779.6394430106844,0.13644201058934508,-50.4204058960255,-0.5602267321780611,33.65152595675523,0.373905843963947,-68.61299452257856,-0.7623666058064285,4.811195864468274,0.00404891244017308,246.26370737756824,-0.005265239293646803,-9.709223402256525,-0.10788026002507249,29.235569982389507,0.3248396664709945,18.530153651745163,0.2058905961305018
70,1,1,1,1,1,1,0,0.6666216850280762,2.360656,1,1,1,1,1,1,1,0.17157498728217532,0.9552411653523072,0.45665492579663053,2.210483400010737,-8.315895293906125,0.6575523000640642,0.197367799727919,2.3092638912203256e-14,41.18114120834015,1084.0071930129686,1.2277802616524731,27.07875412080708,0.20045539124142087,712.7914230516675,0.13699212558458765,-45.28021104922784,-0.5031134561025316,22.40188799708781,0.24890986663430903,-84.97360836593045,-0.9441512040658938,14.102387087533069,-0.002855201823380671,371.21576996130113,-0.015691824966655513,-16.49502270338888,-0.18327803003765422,46.58107658435752,0.5175675176039725,15.886061572518168,0.17651179525020186
71,1,1,1,1,1,1,0,0.6881868839263916,2.393989,1,1,1,1,1,1,1,0.1659950767159503,0.9438941291035533,0.6707012095060094,2.513777261228553,-8.259171454671609,0.5703965038820978,0.19771341665527914,-2.1316282072803006e-14,60.483835073251946,1111.3582334175912,1.2587589006881765,34.49976806716432,0.19973309885325208,633.9148509019785,0.13735704239554045,-39.45582004090796,-0.43839800045453287,12.738971119052053,0.1415441235450228,-91.7310663139821,-1.0192340701553566,25.984067006087628,-0.006968582779079635,477.44338251561277,-0.02242140106897212,-22.959711722742906,-0.2551079080304767,61.786244478418865,0.6865138275379874,8.077956669306328,0.08975507410340365
72,1,1,1,1,1,1,0,0.7053752541542053,2.427322,1,1,1,1,1,1,1,0.16150315444767993,0.9369093822438266,0.7570741003646537,2.331699571273795,-6.41493187915369,0.5313143943117767,0.1937971036503083,-1.7763568394002505e-15,68.2729423708845,1094.9384673374711,1.240161362937446,36.27439702366933,0.19677558488631425,581.7565685820737,0.13702824970878075,-35.01688473053495,-0.3890764970059439,7.691858527190561,0.08546509474656179,-91.40757094690451,-1.015639677187828,31.99854534721516,-0.007557728903015842,513.1818987553975,-0.02591186599938842,-25.45558604118019,-0.2828398449020021,67.7914945519502,0.7532388283550021,-0.05829795545037797,-0.0006477550605597552
73,1,1,1,1,1,1,0,0.7161153554916382,2.460656,1,1,1,1,1,1,1,0.15835629090411563,0.9335715728319772,0.708481504156561,1.8475301111163982,-5.363039032975413,0.5304140178999743,0.1891103889913018,-1.7763568394002505e-15,63.890862044838684,1051.2760654204772,1.1907079685360482,33.88860884429586,0.19383884579293964,557.6115617817516,0.13745870835670018,-32.483351408703,-0.36092612676336666,5.87571616491978,0.06528573516577534,-89.49237515311776,-0.9943597239235307,30.002253200542828,-0.0055933726250596005,493.6645036387256,-0.02663797325275666,-24.293994886223302,-0.2699332765135922,66.39545924180108,0.7377273249089009,-4.215777145780656,-0.046841968286451735
74,1,1,1,1,1,1,0,0.7268952131271362,2.493989,1,1,1,1,1,1,1,0.15647429768993323,0.9328793330916643,0.5621153558164174,1.2245193231368847,-2.390377517612974,0.5849832182205374,0.18778836237125845,-8.881784197001252e-15,50.69156278752453,995.0929525604846,1.127073227500832,29.653713536074537,0.19162824759713554,582.1126778174089,0.13823771674079466,-33.445770318602044,-0.3716196702066894,5.9053352161812604,0.06561483573534733,-92.5002727629445,-1.0277808084771611,21.037849251449995,-0.004755813505375045,412.9802747430757,-0.025718814855403227,-19.502400914685843,-0.21669334349650937,57.919614159987695,0.6435512684443078,-1.5088014793990077,-0.016764460882211195
75,1,1,1,1,1,1,0,0.7320578098297119,2.527322,1,1,1,1,1,1,1,0.15485626309076417,0.9332275762009163,0.5017788483526398,0.6940856758709625,-1.0126415024852462,0.5979981348814282,0.18893635135472095,8.43769498715119e-15,45.250416544441066,947.2584462500437,1.0728943779024165,27.05966469618348,0.19189681983135137,566.4587841082057,0.1392167581307645,-32.9532276446909,-0.36614697382989886,2.8381836540360865,0.0315353739337343,-91.32129609642797,-1.0146810677380886,18.190751848257587,-0.005100000282551226,380.799662141838,-0.02500848005802675,-17.366737718538737,-0.19296375242820818,54.94245286091116,0.6104716984545685,-1.287359998578971,-0.014303999984210789
76,1,1,1,1,1,1,0,0.7338222861289978,2.560656,1,1,1,1,1,1,1,0.1542440118816396,0.9344180916466044,0.3489268562437118,0.15896244990017203,0.6037265198315838,0.6557471328654785,0.1938353959402414,-8.659739592076221e-15,31.466223896057937,899.0010337319977,1.0182365315800177,20.633886101943197,0.19389664973782833,589.5173503128588,0.14050042249402028,-34.762634735409534,-0.3862514970601059,1.5506311624180071,0.017229235137977857,-93.32614896731928,-1.036957210747992,10.83233779411474,-0.005829960237255016,309.4836834191389,-0.024422415972377702,-13.39912740439912,-0.14887919338221245,46.221602422251124,0.5135733602472347,3.5184774625325783,0.03909419402813976
77,1,1,1,1,1,1,0,0.7379603385925293,2.593989,1,1,1,1,1,1,1,0.1532310291339763,0.9358116334825907,0.3887221993754997,-0.37852085086378046,0.6904467132953997,0.6153664566225922,0.19626478327869584,8.43769498715119e-15,35.05496793968257,850.5307896691045,0.9633376256304275,21.571651408061033,0.19688827092682543,523.3881182870921,0.14220899927017056,-32.59125818810817,-0.36212509097897966,-3.4682418128139183,-0.03853602014237687,-85.58548749971797,-0.9509498611079774,13.483316531621536,-0.006389997031044842,327.14267138201245,-0.023914749710839848,-14.390125632398393,-0.15989028480442657,48.49470576033152,0.5388300640036836,1.230810121076388,0.013675668011959867
78,1,1,1,1,1,1,0,0.7421517968177795,2.627311,1,1,1,1,1,1,1,0.15251281509571366,0.9366228106205643,0.4506733367492285,-0.8759074080019025,-0.30002716199739,0.5510181697007633,0.19998284285030682,-8.659739592076221e-15,40.641721508045435,805.6764699463887,0.912534228051182,22.394326998851344,0.2021122872270935,443.9423738408312,0.14503628064402735,-29.554314157702034,-0.32838126841891147,-8.16400622695402,-0.09071118029948912,-75.18074322463286,-0.8353415913848096,18.24739450919409,-0.006618778812163079,361.7340961055575,-0.02334663125462797,-16.320474365948076,-0.18133860406608973,52.43998396313452,0.5826664884792725,-2.7397866230925096,-0.030442073589916775
79,1,1,1,1,1,1,0,0.7464199066162109,2.660644,1,1,1,1,1,1,1,0.15280794827557986,0.9358282908296375,0.3955108621240022,-1.222648119614579,2.0164741322374384,0.5776470358568943,0.20427713312991558,-1.1546319456101628e-14,35.66716954634253,774.4073925731575,0.8771178984858505,20.603034765850047,0.20547449571147952,447.3341348655507,0.1475536423108095,-30.06305567055184,-0.33403395189502044,-8.869083683303884,-0.09854537425893205,-75.6398341914404,-0.8404426021271155,15.064134780492479,-0.006876580076854405,327.0732577076068,-0.02304646795244511,-14.573532474015812,-0.1619281386001757,47.45073615275961,0.527230401697329,0.046717767645002795,0.0005190863071666978
80,1,1,1,1,1,1,0,0.7495660185813904,2.693978,1,1,1,1,1,1,1,0.15319937724665686,0.9331571733171617,0.43210489138799696,-1.4123101884280034,4.859774081320347,0.5743983520961077,0.2033704598047188,1.3322676295501878e-14,38.96721910536957,757.3036672075629,0.8577456871758554,22.382706439892246,0.20600284229180518,434.99397848036324,0.1502811210343578,-28.632743107984044,-0.3181415900887116,-8.17865374979748,-0.09087393055330534,-73.62602991656321,-0.8180669990729246,16.584512665477327,-0.006553095574888451,322.3096887271996,-0.02300415593532161,-14.735423972568274,-0.1637269330285364,45.98077121172725,0.5108974579080806,-1.8747757855888185,-0.020830842062097985
81,1,1,1,1,1,1,0,0.7560161352157593,2.727311,1,1,1,1,1,1,1,0.15437541568661978,0.9279576454247997,0.4011770497966,-1.2958443821240475,10.731333820350848,0.6358776887633459,0.20243540236502255,7.105427357601002e-15,36.1781463506574,767.8065536200537,0.8696415829879416,23.004876085198106,0.20560749728612193,488.2310567332698,0.15252333606213833,-30.03682821330447,-0.333742535703383,-4.776004883749884,-0.05306672093055427,-82.37586333857521,-0.9152873704286135,13.173270265459294,-0.005321982801153535,279.5754968867839,-0.022979332606661663,-13.025638513062546,-0.14472931681180606,39.82291186169959,0.44247679846332877,0.4843238962527803,0.005381376625030892
82,1,1,1,1,1,1,0,0.7662582397460938,2.760644,1,1,1,1,1,1,1,0.15553488160824702,0.9208450655226246,0.4836087369610599,-0.972897418852473,18.738679513193134,0.6593415524570759,0.19903785219321557,1.7763568394002505e-14,43.61183589914839,796.9299107678843,0.9026276030896865,28.755095587247734,0.20498124990374256,525.4490045651759,0.15386938013087603,-31.115918846573816,-0.34573243162859796,-1.2474522172857583,-0.01386058019206398,-89.17737018207583,-0.9908596686897315,14.856740311900655,-0.0040184644716526885,271.48090620270847,-0.02272411947846357,-13.189685615199096,-0.14655206239110108,37.71877314643051,0.4190974794047834,-1.6102963195481639,-0.017892181328312932
83,1,1,1,1,1,1,0,0.7763747572898865,2.793978,1,1,1,1,1,1,1,0.1576305029700589,0.912576563825792,0.47730797599231994,-0.5682151415906733,25.976100088231508,0.7116456685285723,0.20044986571191087,1.7763568394002505e-14,43.04363327498742,833.4241585313533,0.9439621231525125,30.631815177877122,0.20755454858707612,593.1026924659077,0.155093937828482,-33.109461775644206,-0.36788290861826894,6.164153678931328,0.06849059643257031,-100.59904365650742,-1.1177671517389713,12.4118180971103,-0.0023197390155134667,240.3214660654456,-0.022211794713074908,-11.84527056034324,-0.13161411733714712,33.2557246484726,0.3695080516496956,0.3396765626379139,0.0037741840293101544
84,1,1,1,1,1,1,0,0.7875162363052368,2.827311,1,1,1,1,1,1,1,0.1595496837108776,0.9035300250208244,0.6265851068675226,-0.11278210064074512,28.600036055388422,0.6662712495538863,0.20000949355256928,1.4210854715202004e-14,56.5054449373132,874.4951101642179,0.9904803603626886,37.64795340498198,0.2108598713277396,582.6509497778769,0.15629483262867155,-30.545479681480064,-0.3393942186831118,13.304430244529339,0.14782700271699264,-101.60673278287362,-1.1289636975874846,18.857491532331217,-0.0010778726495200008,291.844160386341,-0.021855257130372993,-14.915617753600099,-0.1657290861511122,40.61729233170889,0.45130324813009876,-7.633430359442125,-0.08481589288269027
85,1,1,1,1,1,1,0,0.7962666153907776,2.860644,1,1,1,1,1,1,1,0.16234524767733963,0.8940786586321233,0.7488548882263513,0.391378652980485,24.697059962424394,0.6023442760778368,0.20197688360869712,-4.618527782440651e-14,67.53173382025237,919.9603269257805,1.0419756789282821,40.67735332024108,0.2156994849424284,554.1328371424393,0.1581167112401199,-26.630463870998796,-0.29589404301109773,22.123870492477092,0.24582078324974546,-96.97207848808289,-1.0774675387564765,26.85438050001129,1.9115378817019524e-05,365.82748978334115,-0.0211575887216141,-18.90545100576321,-0.21006056673070234,52.44929784287277,0.5827699760319196,-18.680080889322625,-0.20755645432580694
86,1,1,1,1,1,1,0,0.8062633275985718,2.893978,1,1,1,1,1,1,1,0.16702137284102148,0.8844460153403798,0.6140164408019481,1.0122770881587415,15.807670247279011,0.6226135041127412,0.20933852964831337,-1.9539925233402755e-14,55.37200263151969,975.9529478101556,1.1053946628272233,34.475356588150404,0.2212661837967767,607.6414846852402,0.1603785908068521,-26.480671428448197,-0.2942296825383133,40.97866089581548,0.45531845439794977,-96.01953412828846,-1.0668837125365385,20.89664604336929,0.0013371440576297466,368.3114631249154,-0.020349462732538584,-18.21323572459197,-0.20236928582879968,56.70164259503956,0.6300182510559951,-14.240734001721577,-0.1582303777969064
87,1,1,1,1,1,1,0,0.8178079724311829,2.9273,1,1,1,1,1,1,1,0.1727962347270536,0.8759585632117134,0.33050634835094705,1.609566762948764,3.1250120800271803,0.6765905100071832,0.21773264216729823,-1.1546319456101628e-14,29.80506249428841,1029.81653068272,1.1664022320565408,20.165822433806564,0.22563388185556915,696.7640917084495,0.16270113223043497,-27.37875881160374,-0.30420843124004154,69.56282402326167,0.7729202669251296,-88.03898864022315,-0.9782109848913684,9.639240060481848,0.002535788755259741,333.05243897427044,-0.019534328898644787,-15.196479785858486,-0.16884977539842763,55.24560005245077,0.6138400005827863,-3.887749374463773,-0.0431972152718197
88,1,1,1,1,1,1,0,0.8320673108100891,2.960633,0,0,0,0,0,0,0,,,,,,,,,,,,,,,,,,,,,,,,,,,,,,,
89,1,1,1,1,1,1,0,0.8447882533073425,2.993967,0,0,0,0,0,0,0,,,,,,,,,,,,,,,,,,,,,,,,,,,,,,,
90,1,1,1,1,1,1,0,0.8529200553894043,3.0273,0,0,0,0,0,0,0,,,,,,,,,,,,,,,,,,,,,,,,,,,,,,,
91,1,1,1,1,1,1,0,0.8591362833976746,3.060633,0,0,0,0,0,0,0,,,,,,,,,,,,,,,,,,,,,,,,,,,,,,,
92,1,1,1,1,1,1,0,0.8618260025978088,3.093967,0,0,0,0,0,0,0,,,,,,,,,,,,,,,,,,,,,,,,,,,,,,,
93,1,1,1,1,1,1,0,0.8678302764892578,3.1273,0,0,0,0,0,0,0,,,,,,,,,,,,,,,,,,,,,,,,,,,,,,,
94,1,1,1,1,1,1,1,0.8742896318435669,3.160633,0,0,0,0,0,0,0,,,,,,,,,,,,,,,,,,,,,,,,,,,,,,,
95,1,1,1,1,1,1,1,0.8806248307228088,3.193956,0,0,0,0,0,0,0,,,,,,,,,,,,,,,,,,,,,,,,,,,,,,,
96,1,1,1,1,1,1,1,0.886572539806366,3.227289,0,0,0,0,0,0,0,,,,,,,,,,,,,,,,,,,,,,,,,,,,,,,
97,1,1,1,1,1,1,1,0.8918855786323547,3.260622,0,0,0,0,0,0,0,,,,,,,,,,,,,,,,,,,,,,,,,,,,,,,
98,1,1,1,1,1,1,1,0.8956327438354492,3.293956,0,0,0,0,0,0,0,,,,,,,,,,,,,,,,,,,,,,,,,,,,,,,
99,1,1,1,1,1,1,1,0.9003453254699707,3.327289,0,0,0,0,0,0,0,,,,,,,,,,,,,,,,,,,,,,,,,,,,,,,
100,1,1,1,1,1,1,0,0.9025142192840576,3.360622,0,0,0,0,0,0,0,,,,,,,,,,,,,,,,,,,,,,,,,,,,,,,
101,1,1,1,1,1,1,0,0.9031516313552856,3.393956,0,0,0,0,0,0,0,,,,,,,,,,,,,,,,,,,,,,,,,,,,,,,
102,1,1,1,1,1,1,0,0.9023392796516418,3.427289,0,0,0,0,0,0,0,,,,,,,,,,,,,,,,,,,,,,,,,,,,,,,
103,1,1,1,1,1,1,0,0.9000041484832764,3.460622,0,0,0,0,0,0,0,,,,,,,,,,,,,,,,,,,,,,,,,,,,,,,
104,1,1,1,1,1,1,0,0.8993960022926331,3.493956,0,0,0,0,0,0,0,,,,,,,,,,,,,,,,,,,,,,,,,,,,,,,
105,1,1,1,1,1,1,0,0.8992062211036682,3.527278,0,0,0,0,0,0,0,,,,,,,,,,,,,,,,,,,,,,,,,,,,,,,
106,1,1,1,1,1,1,0,0.8994357585906982,3.560611,1,1,1,0,1,1,0,0.12777280468228638,1.0692156283237728,-0.7722780082049422,-1.7248697989703339,-3.3594632303474965,1.040200543885596,0.382806481507316,5.773159728050814e-14,-69.6440307799217,729.1170415288556,0.8258206382703086,,,,,,,,,,,,,,,,,,,,
107,1,1,1,1,1,1,0,0.9003148078918457,3.593944,1,1,1,0,1,1,0,0.11962421328869294,1.0636045921017114,-1.0384148477838802,-0.7522550925602192,-17.753984085909583,1.0201723731075887,0.39458373954402837,1.7763568394002505e-14,-93.64425097315033,816.8274357529197,0.9251641587415558,,,,,,,,,,,,,,,,,,,,
108,1,1,1,1,1,1,0,0.9025616645812988,3.627278,1,1,1,1,1,1,1,0.10960653307524379,1.0575383681630803,-1.0787930175096183,0.10562058377200083,-27.792138960760077,0.9558421839523393,0.40437518417201085,0.0,-97.28555431901741,894.1906642445593,1.0127881574861923,-92.98963670730353,0.1965384631768728,854.7051573813126,0.13792929071704324,-59.82689875790845,-0.6647433195323161,61.824558327533786,0.6869395369725976,-9.907150410870187,-0.11007944900966875,-4.295917611713871,-0.19857866029074966,39.485506863246755,0.03090197377349535,-0.6453870767823522,-0.007170967519803913,4.344210685740867,0.04826900761934297,2.7566642708716675,0.030629603009685195
109,1,1,1,1,1,1,0,0.9029548168182373,3.660611,1,1,1,1,1,1,1,0.0981317420926967,1.0523932241469238,-0.9593178310620926,0.6638369336449387,-32.50411209291162,0.8735533570395474,0.4120190835114985,-7.105427357601002e-15,-86.51128200517952,944.5306146761009,1.0698047510206148,-75.57222081741956,0.19990210999547364,825.0978892769351,0.13673458881186043,-57.372524017138026,-0.6374724890793114,38.795041227672414,0.4310560136408046,-39.79263750619394,-0.4421404167354882,-10.939061187759963,-0.2037963090815846,119.43272539916576,0.027060150422237465,-3.6615368484172794,-0.040683742760191995,20.463477018641647,0.22737196687379607,22.396254524696715,0.24884727249663016
110,1,1,1,1,1,1,0,0.9050718545913696,3.693944,1,1,1,1,1,1,1,0.08551598430391993,1.0499781964653545,-0.7215624735639296,0.6047545940473288,-32.14730022625098,0.7921403302747807,0.4153804320205538,5.684341886080802e-14,-65.07050386599518,939.2025692911883,1.0637700411045286,-51.54497042355582,0.2011151981958435,743.9802334332445,0.13662350195746237,-52.69427897371285,-0.5854919885968094,11.705480926660137,0.13006089918511263,-65.10328948457393,-0.7233698831619326,-13.525533442439363,-0.20741790497141008,195.2223358579438,0.023419681014131943,-6.909282098380768,-0.07676980109311964,33.14558289439446,0.36828425438216067,35.3585780370591,0.3928730893006566
111,1,1,1,1,1,1,0,0.9042133092880249,3.727278,1,1,1,1,1,1,1,0.0721374596062853,1.0505479292351778,-0.46904367978883,-0.15675286544541164,-23.625403966026013,0.7442335248131985,0.41291799847462973,4.973799150320701e-14,-42.2983590433567,870.5298265941329,0.9859891568627623,-31.479856844651586,0.19510821470007683,647.877481301174,0.13728579804992141,-46.17807766638436,-0.5130897518487151,-7.178737675429797,-0.07976375194921997,-75.49390983111286,-0.8388212203456984,-10.818502198705112,-0.21265857450090828,222.65234529295893,0.021244540474532003,-8.295642952102282,-0.09217381057891424,35.30017741404908,0.3922241934894342,34.90937328439805,0.38788192538220057
112,1,1,1,1,1,1,0,0.9030233025550842,3.760611,1,1,1,1,1,1,1,0.0571203778327061,1.051691668879216,-0.013099755731540418,-1.2671008078625199,-9.35324993454774,0.6652492311271013,0.40311298135861634,2.1316282072803006e-14,-1.1813359718703151,770.3986491469583,0.8725774710011985,-0.7858828469895142,0.18132212763858518,512.5071090063715,0.1386911363383477,-37.704521809803786,-0.41893913122004206,-23.470944604340417,-0.2607882733815602,-78.35452581455024,-0.8706058423838916,-0.395453124880801,-0.22160968537703524,257.8915401405868,0.020234606161739895,-10.636485380802707,-0.11818317089780786,35.88713594998109,0.3987459549997899,29.841162895147164,0.33156847661274624
113,1,1,1,1,1,1,0,0.8990657925605774,3.793944,1,1,1,1,1,1,1,0.04243496557318505,1.0515478251875527,0.2973724994688364,-2.5308685765708705,7.816389409232941,0.63192430713491,0.3891915116340709,2.042810365310288e-14,26.817052002099675,656.4320717648391,0.7434953808640151,16.94634700582769,0.1605215803179303,414.8153821311294,0.14115133394580448,-30.861477173170197,-0.3429053019241133,-28.275525944268843,-0.31417251049187606,-71.16844583663628,-0.7907605092959586,9.870704996271987,-0.23394919930427266,241.61668963370963,0.019871027576420536,-10.830591970355275,-0.12033991078172528,29.36566071943532,0.3262851191048369,19.32727752959738,0.21474752810663758
114,1,1,1,1,1,1,0,0.8956604599952698,3.827267,1,1,1,1,1,1,1,0.028984460561196364,1.047282577232623,0.3425993863478259,-3.4722288609288445,27.020953494278803,0.7131034417490266,0.37780273335811515,1.0658141036401503e-14,30.895612660846947,571.540201321437,0.6473442080886137,22.03176772339476,0.13595657419975038,407.56728466024833,0.14353120145262394,-29.984768595278002,-0.3331640955030889,-27.440232386894046,-0.3048914709654894,-66.33875080267545,-0.7370972311408384,8.863844937452187,-0.24911599407846302,163.97291666118872,0.019249940185021977,-7.229889324052213,-0.08033210360058014,19.03906827337102,0.21154520303745578,13.10679231089691,0.14563102567663233
115,1,1,1,1,1,1,0,0.8888216614723206,3.8606,1,1,1,1,1,1,1,0.01653238437164346,1.0385128214254031,0.23054878391478736,-4.056467120174815,39.83281779453816,0.860961935947211,0.3689257425285903,1.4210854715202004e-14,20.79088933343553,518.8535951026354,0.5876697192237347,17.900164330578875,0.10885435704599535,446.71319571273534,0.14547554293964282,-31.55453681606046,-0.350605964622894,-20.719891024670282,-0.23022101138522535,-59.377439302003076,-0.659749325577812,2.890725002856656,-0.2654870262840676,72.14039938990004,0.01771242500660771,-2.7104811210850337,-0.03011645690094482,7.693161663873827,0.08547957404304252,10.395440396554731,0.11550489329505256
116,1,1,1,1,1,1,0,0.8872567415237427,3.893933,1,1,1,1,1,1,1,0.00412299069005111,1.0232668081428327,0.1465183379123518,-3.895290744049987,40.62383149537785,0.9362220290748202,0.3600164515000262,0.0,13.21302371293589,533.3884807015723,0.6041323827178302,12.370323870738554,0.08154669134006115,499.3700456875616,0.14701962316756922,-34.30472089189116,-0.3811635654654573,-8.904428010751788,-0.0989380890083532,-53.253491365116865,-0.5917054596124096,0.8426998421973362,-0.2818597732175327,34.0184350140107,0.014628711787832954,-0.823799842502239,-0.009153331583358211,2.6700689888401867,0.029667433209335407,9.807707216330929,0.10897452462589921
117,1,1,1,1,1,1,0,0.8828793168067932,3.927267,1,1,1,0,1,1,0,-0.007476317729741369,1.0015086712730905,-0.1038861814262891,-2.960935829465804,34.70473927451852,1.0156376593649845,0.3544417653590628,0.0,-9.368455841022753,617.648606898774,0.699568022311444,,,,,,,,,,,,,,,,,,,,
118,1,1,1,1,1,1,0,0.8794535398483276,3.9606,1,1,1,1,1,1,1,-0.019785793403830288,0.9745925289551081,-0.18281941688571973,-1.3994360118323645,21.909213391176017,0.9796845971762964,0.3451315816580068,-6.039613253960852e-14,-16.48665501475421,758.4646604529577,0.8590606642348597,-16.151721976914043,0.034080357867804154,743.0561453483123,0.14803690913740247,-47.42720793860076,-0.526968977095564,41.83556685272573,0.4648396316969525,-48.934234131942844,-0.5437137125771427,-0.3349330378401646,-0.30802902370311225,15.4085151046454,0.005250710848051572,0.19106346894655846,0.0021229274327395384,-0.7995514652179345,-0.008883905169088161,11.098907823083824,0.12332119803426471
119,1,1,1,1,1,1,0,0.8748778700828552,3.993933,1,1,1,1,1,1,1,-0.03202051065572925,0.9453246085983262,-0.2925341261834658,0.4302033295791601,8.697423288277982,0.9455835017843973,0.33890994524446516,1.2434497875801753e-14,-26.380727499224953,923.4615362614488,1.0459412575166482,-24.94518068833708,0.01866208885079411,873.2099932213,0.14669946248608934,-54.12785457235182,-0.6014206063594647,71.44523220459295,0.7938359133843662,-57.98747184768985,-0.6443052427521094,-1.4355468108878753,-0.3161807881466945,50.25154304014884,-0.0005087743995583725,-1.1041889243450673,-0.012268765826056304,7.327004732211326,0.08141116369123695,17.20792652205335,0.19119918357837054
120,1,1,1,1,1,1,0,0.8787926435470581,4.027267,0,0,0,0,0,0,0,,,,,,,,,,,,,,,,,,,,,,,,,,,,,,,
121,1,1,1,1,1,1,0,0.8836287260055542,4.0606,0,0,0,0,0,0,0,,,,,,,,,,,,,,,,,,,,,,,,,,,,,,,
122,1,1,1,1,1,1,0,0.8884053826332092,4.093933,0,0,0,0,0,0,0,,,,,,,,,,,,,,,,,,,,,,,,,,,,,,,
123,1,1,1,1,1,1,0,0.8901911377906799,4.127256,0,0,0,0,0,0,0,,,,,,,,,,,,,,,,,,,,,,,,,,,,,,,
124,1,1,1,1,1,1,0,0.8941715955734253,4.160589,0,0,0,0,0,0,0,,,,,,,,,,,,,,,,,,,,,,,,,,,,,,,
125,1,1,1,1,1,1,0,0.9014728665351868,4.193922,0,0,0,0,0,0,0,,,,,,,,,,,,,,,,,,,,,,,,,,,,,,,
126,1,1,1,1,1,1,1,0.9053171873092651,4.227256,0,0,0,0,0,0,0,,,,,,,,,,,,,,,,,,,,,,,,,,,,,,,
127,1,1,1,1,1,1,1,0.9041569828987122,4.260589,0,0,0,0,0,0,0,,,,,,,,,,,,,,,,,,,,,,,,,,,,,,,
128,1,1,1,1,1,1,1,0.8927863240242004,4.293922,0,0,0,0,0,0,0,,,,,,,,,,,,,,,,,,,,,,,,,,,,,,,
129,1,1,1,1,1,1,1,0.8775670528411865,4.327256,0,0,0,0,0,0,0,,,,,,,,,,,,,,,,,,,,,,,,,,,,,,,
130,1,1,1,1,1,1,1,0.8664596080780029,4.360589,0,0,0,0,0,0,0,,,,,,,,,,,,,,,,,,,,,,,,,,,,,,,
131,1,1,1,1,1,1,1,0.8530551195144653,4.393911,0,0,0,0,0,0,0,,,,,,,,,,,,,,,,,,,,,,,,,,,,,,,
132,1,1,1,1,1,1,0,0.8501141667366028,4.427244,0,0,0,0,0,0,0,,,,,,,,,,,,,,,,,,,,,,,,,,,,,,,
133,1,1,1,1,1,1,0,0.8403612375259399,4.460578,0,0,0,0,0,0,0,,,,,,,,,,,,,,,,,,,,,,,,,,,,,,,
134,1,1,1,1,1,1,0,0.8325746059417725,4.493911,0,0,0,0,0,0,0,,,,,,,,,,,,,,,,,,,,,,,,,,,,,,,
135,1,1,1,1,1,1,0,0.8236047029495239,4.527244,0,0,0,0,0,0,0,,,,,,,,,,,,,,,,,,,,,,,,,,,,,,,
136,1,1,1,1,1,1,0,0.8169958591461182,4.560578,0,0,0,0,0,0,0,,,,,,,,,,,,,,,,,,,,,,,,,,,,,,,
137,1,1,1,1,1,1,0,0.8149490356445312,4.593911,0,0,0,0,0,0,0,,,,,,,,,,,,,,,,,,,,,,,,,,,,,,,
138,1,1,1,1,1,1,0,0.8161939978599548,4.627244,1,1,1,1,1,1,1,-0.15645424492608148,0.987726083158957,0.6020926898837287,0.46461983428569287,-30.153534027755995,0.40088805996579474,0.18309617974393771,0.0,54.296718773714666,926.5652166558841,1.0494565824622086,21.766906251702817,-0.1287582429027117,371.44893213696366,0.14055981589195865,-21.2736807526104,-0.23637423058456,3.3858858229835445,0.03762095358870605,-46.39267555253348,-0.5154741728059276,32.52981252201185,-0.3212106919348729,555.1162845189205,-0.013743371022767854,-27.918286289573597,-0.3102031809952622,73.33290907477988,0.8148101008308876,-19.039449502675048,-0.21154943891861164
139,1,1,1,1,1,1,0,0.8175575137138367,4.660578,1,1,1,1,1,1,1,-0.15582329228867509,0.9888330541078207,0.46952503610765817,1.1561361843329565,-31.62310015121939,0.48104000610187436,0.18030381357526937,7.105427357601002e-15,42.341767756188624,988.9261611031462,1.1200885276963939,20.368084219801123,-0.1308084364729749,475.7130465713607,0.13251277444803905,-27.456527750107085,-0.3050725305567454,8.398542254205642,0.09331713615784047,-53.83601085767002,-0.5981778984185557,21.9736835363875,-0.31760696793817655,513.2131145317855,-0.01531843591699745,-25.396496467860857,-0.28218329408734283,62.074599614909985,0.6897177734989999,-14.569473262299958,-0.1618830362477773
140,1,1,1,1,1,1,0,0.8186867833137512,4.6939,1,1,1,1,1,1,1,-0.15449055460306915,0.9929281722236154,0.2697798944844608,1.2684286114839813,-29.297280452735436,0.5946656388490854,0.1791561137926786,-2.1316282072803006e-14,24.328750884608684,999.0526921836257,1.1315581517540216,14.467472187196075,-0.13224069524406204,594.1023074412744,0.12791117827350484,-34.97480691659357,-0.3886089657399286,17.619983708381994,0.19577759675979994,-55.11998455190205,-0.6124442727989117,9.86127869741261,-0.31494153304904504,404.9503847423513,-0.015470760564195931,-19.656052524348713,-0.2184005836038746,41.6416418735214,0.46268490970579335,-9.604904067890153,-0.1067211563098906
141,1,1,1,1,1,1,0,0.8188663125038147,4.727233,1,1,1,1,1,1,1,-0.15274042204812602,0.9995790568209206,0.025475403748570893,0.8918317718589907,-22.16545916005499,0.7604052442477421,0.1851783419065369,0.0,2.297371910046124,965.091189186244,1.0930922971868207,1.7469336483865248,-0.1334178019161537,733.8604014345099,0.12662262208998967,-43.081123065063124,-0.47867914516736804,33.11982961311508,0.36799810681238976,-47.3864950866638,-0.5265166120740422,0.5504382616595992,-0.31893120142644393,231.23078775173423,-0.01390960358470329,-10.822610108145163,-0.12025122342383515,17.795924630065002,0.19773249588961114,-4.482874897799981,-0.04980972108666645
142,1,1,1,1,1,1,0,0.8248614072799683,4.760567,1,1,1,1,1,1,1,-0.15068164915207072,1.009145728002857,-0.2883565005191982,-0.1124301785429696,-10.871571261716413,0.9785818164311911,0.2032880564621184,2.1316282072803006e-14,-26.0039892168213,874.5268464989952,0.9905163059225225,-25.447031002254093,-0.13260345171726132,855.7960699648281,0.12958782862129695,-48.443109056504426,-0.5382567672944936,56.70379965743613,0.630042218415957,-22.81838324667355,-0.2535375916297061,-0.556958214567205,-0.3318066451346049,18.730776534167013,-0.01080981852796338,-0.8567065193791794,-0.009518961326435326,-7.484625972808348,-0.08316251080898164,-6.451155637326639,-0.0716795070814071
143,1,1,1,1,1,1,0,0.8315726518630981,4.7939,1,1,1,0,1,1,0,-0.1497068581602982,1.020691296578941,-0.413175701521391,-1.7441545476468883,2.1247159858708744,1.1199913666406622,0.2310075780176347,3.9968028886505635e-15,-37.26018476319905,727.3779428932039,0.8238508810660368,,,,,,,,,,,,,,,,,,,,
144,1,1,1,1,1,1,0,0.8386880159378052,4.827233,0,0,0,0,0,0,0,,,,,,,,,,,,,,,,,,,,,,,,,,,,,,,
145,1,1,1,1,1,1,0,0.8460419774055481,4.860567,0,0,0,0,0,0,0,,,,,,,,,,,,,,,,,,,,,,,,,,,,,,,
146,1,1,1,1,1,1,0,0.8527123332023621,4.8939,0,0,0,0,0,0,0,,,,,,,,,,,,,,,,,,,,,,,,,,,,,,,
147,1,1,1,1,1,1,0,0.8594598174095154,4.927233,0,0,0,0,0,0,0,,,,,,,,,,,,,,,,,,,,,,,,,,,,,,,
148,1,1,1,1,1,1,0,0.8640953898429871,4.960556,0,0,0,0,0,0,0,,,,,,,,,,,,,,,,,,,,,,,,,,,,,,,
149,1,1,1,1,1,1,0,0.8710658550262451,4.993889,0,0,0,0,0,0,0,,,,,,,,,,,,,,,,,,,,,,,,,,,,,,,
150,1,1,1,1,1,1,1,0.8782281279563904,5.027222,0,0,0,0,0,0,0,,,,,,,,,,,,,,,,,,,,,,,,,,,,,,,
151,1,1,1,1,1,1,1,0.8843954205513,5.060556,0,0,0,0,0,0,0,,,,,,,,,,,,,,,,,,,,,,,,,,,,,,,
152,1,1,1,1,1,1,1,0.8899047374725342,5.093889,0,0,0,0,0,0,0,,,,,,,,,,,,,,,,,,,,,,,,,,,,,,,
153,1,1,1,1,1,1,1,0.8961150050163269,5.127222,0,0,0,0,0,0,0,,,,,,,,,,,,,,,,,,,,,,,,,,,,,,,
154,1,1,1,1,1,1,1,0.9027771949768066,5.160556,0,0,0,0,0,0,0,,,,,,,,,,,,,,,,,,,,,,,,,,,,,,,
155,1,1,1,1,1,1,1,0.9074681997299194,5.193889,0,0,0,0,0,0,0,,,,,,,,,,,,,,,,,,,,,,,,,,,,,,,
156,1,1,1,1,1,1,0,0.9115763306617737,5.227222,0,0,0,0,0,0,0,,,,,,,,,,,,,,,,,,,,,,,,,,,,,,,
157,1,1,1,1,1,1,0,0.9120126962661743,5.260556,0,0,0,0,0,0,0,,,,,,,,,,,,,,,,,,,,,,,,,,,,,,,
158,1,1,1,1,1,1,0,0.9166388511657715,5.293878,0,0,0,0,0,0,0,,,,,,,,,,,,,,,,,,,,,,,,,,,,,,,
159,1,1,1,1,1,1,0,0.91400545835495,5.327211,0,0,0,0,0,0,0,,,,,,,,,,,,,,,,,,,,,,,,,,,,,,,
160,1,1,1,1,1,1,0,0.9156065583229065,5.360544,0,0,0,0,0,0,0,,,,,,,,,,,,,,,,,,,,,,,,,,,,,,,
161,1,1,1,1,1,1,0,0.9161972403526306,5.393878,0,0,0,0,0,0,0,,,,,,,,,,,,,,,,,,,,,,,,,,,,,,,
162,1,1,1,1,1,1,0,0.9183695316314697,5.427211,1,1,1,0,0,1,0,0.06682976195053043,1.046402884514641,-1.5146590083134648,-4.994959066611419,-19.352076526701428,1.156751981572063,0.5499712488602357,1.0658141036401503e-14,-136.5919493697083,434.22039137298236,0.4918115204133903,,,,,,,,,,,,,,,,,,,,
163,1,1,1,1,1,1,0,0.9181627035140991,5.460544,1,1,1,0,0,1,0,0.0813672908122892,1.0379035721474983,-2.0191452346990966,-3.6086068107238485,-27.770547929239385,1.1157316540124929,0.573991800105218,7.105427357601002e-15,-182.08651726516456,559.2416378089234,0.6334144725438027,,,,,,,,,,,,,,,,,,,,
164,1,1,1,1,1,1,0,0.9196597933769226,5.493878,1,1,1,0,0,1,0,0.09295159071857043,1.024174921836231,-2.3189323333526404,-1.784129101537176,-30.54221965601709,1.03879673690224,0.6048589064548713,5.684341886080802e-14,-209.12131782174114,723.7730376233776,0.8197678532374872,,,,,,,,,,,,,,,,,,,,
165,1,1,1,1,1,1,0,0.9209105372428894,5.527211,1,1,1,1,0,1,0,0.10129585478004728,1.0068504978335482,-2.4241252480148217,0.44894068606839366,-31.971385989691267,0.9557384862169409,0.6339895131216672,1.7763568394002505e-14,-218.60761486597667,925.151271069648,1.0478551037146313,,,,,,,,,,,,,,,,,,,,
166,1,1,1,1,1,1,0,0.9225794672966003,5.560544,1,1,1,1,0,1,0,0.10653367189954567,0.992239556746889,-2.4034473834211436,2.1185820765475483,-31.70422648108539,0.9068203662574441,0.6528407696322638,-6.750155989720952e-14,-216.74288503691878,1075.7195316630582,1.2183933986443063,,,,,,,,,,,,,,,,,,,,
167,1,1,1,1,1,1,0,0.9256142377853394,5.593867,1,1,1,1,1,1,1,0.10861027112036223,0.9824900947698232,-2.2402068499534513,3.0220422797219784,-29.24496164010856,0.8782868106721881,0.6601114937456828,-8.171241461241152e-14,-202.02185372880228,1157.1935727853283,1.3106734316290953,-177.43312959755303,0.29934963781031876,1016.3478523719806,0.2123394403990631,-44.50798628182259,-0.4945331809091399,79.12862627730155,0.8792069586366839,-81.16557366788234,-0.9018397074209149,-24.588724131249243,-0.35939878716872226,140.8457204133478,0.14734332638447248,3.237063463660367,0.03596737181844852,46.20965263842436,0.5134405848713818,45.37235381788039,0.5041372646431154
168,1,1,1,1,1,1,0,0.9274203777313232,5.6272,1,1,1,1,1,1,1,0.10758982881514852,0.9778758735473593,-1.9135885598177083,3.2066844741739935,-25.082247459781414,0.856695737993011,0.6572243944660418,-1.7053025658242404e-13,-172.56741632436098,1173.8446058810111,1.3295329095945305,-147.8377700815456,0.29446863134087126,1005.627670924348,0.20887577835353638,-46.907635163504445,-0.5211959462611605,73.14843444847283,0.8127603827608092,-89.63447240267166,-0.9959385822519073,-24.729646242815374,-0.3600559059237227,168.21693495666315,0.14245951632483256,3.4233332635376974,0.038037036261529975,54.28429090567748,0.6031587878408609,54.0869270202655,0.6009658557807278
169,1,1,1,1,1,1,0,0.9312081336975098,5.660533,1,1,1,1,1,1,1,0.10505422707903693,0.9788187142463357,-1.699975476137039,2.586489935940126,-17.329862752979054,0.8605677968077048,0.6527588180198782,8.526512829121202e-14,-153.3037884380382,1117.9154624230807,1.2661858222030589,-131.928303458397,0.28719570621731344,962.0420465146971,0.20748335419092687,-46.398146545888146,-0.5155349616209794,68.97209655376768,0.7663566283751965,-79.99690295446531,-0.8888544772718368,-21.37548497964118,-0.3624512637373037,155.87341590838366,0.14024214597653872,2.8625628783706545,0.03180625420411838,47.77792873756955,0.530865874861884,47.5601640091795,0.5284462667686611
170,1,1,1,1,1,1,0,0.9349886178970337,5.693867,1,1,1,1,1,1,1,0.1006171661438902,0.984585468575808,-1.46504616150136,1.2516187884359582,-8.381742529043853,0.8643259746296644,0.6562328929531995,-3.730349362740526e-14,-132.11786284419267,997.536782341155,1.1298411851185355,-114.19290056879515,0.28509014941716054,862.1969516259583,0.20641439020940064,-42.53354967066406,-0.4725949963407118,52.32988470735001,0.5814431634150001,-68.56734267426134,-0.7618593630473482,-17.92496227539751,-0.3681176564827952,135.33983071519677,0.1403057423442678,2.05519411698874,0.02283549018876378,39.621418810712214,0.44023798678569126,40.044384464926296,0.44493760516584774
171,1,1,1,1,1,1,0,0.9385640025138855,5.7272,1,1,1,1,1,1,1,0.09418944398612666,0.9931490105800616,-1.1356022147840859,-0.45224970528303104,2.562052477279048,0.8646413079229902,0.6633228031699518,5.329070518200751e-15,-102.40860772922889,843.8819215775766,0.9558069108365347,-88.54671252957291,0.2832312864711992,729.655168405402,0.20569714392926514,-36.91664497288522,-0.41018494414316914,32.685097215590616,0.3631677468398957,-60.35231546947954,-0.6705812829942172,-13.861895199655978,-0.3771192729612053,114.22675317217451,0.14110344098966573,1.179893835026461,0.013109931500294011,31.95208377468374,0.3550231530520416,32.80659902834759,0.3645177669816399
172,1,1,1,1,1,1,0,0.9417858123779297,5.760533,1,1,1,1,1,1,1,0.08535209657487304,0.9996192282670517,-0.5455253518241161,-1.646823054245007,9.520204531564351,0.8061670105068821,0.6740048627650416,-4.796163466380676e-14,-49.1954762274988,736.1552969681856,0.8337923852850668,-39.659770000785095,0.28231487407369743,593.4641150256482,0.2051168678950393,-32.97852457060499,-0.36642805078449986,6.020619027809822,0.06689576697566468,-71.90925182553596,-0.7989916869503996,-9.535706226713707,-0.3889216525337941,142.69118194253738,0.1411958442948752,0.228187845526608,0.0025354205058512,40.49446155181211,0.4499384616868012,42.92397337701595,0.4769330375223994
173,1,1,1,1,1,1,0,0.9443597197532654,5.793867,1,1,1,1,1,1,1,0.07630619156390739,1.002418729629603,-0.054670236185548685,-2.1712246848133954,12.765195347941603,0.7342463549783755,0.685852447433094,-3.197442310920451e-14,-4.930161899212782,688.8647579235281,0.780229649930375,-3.6199534039502503,0.28281593018156626,505.7964375784116,0.20507887092430377,-31.04574902838523,-0.3449527669820581,-13.169558291988194,-0.1463284254665355,-84.9749933940715,-0.9441665932674611,-1.3102084952625315,-0.402592703109237,183.06832034511658,0.1406128600820493,-1.3508599991185883,-0.015009555545762093,51.182772978268375,0.5686974775363153,54.770897986814454,0.6085655331868273
174,1,1,1,1,1,1,0,0.946628749370575,5.8272,1,1,1,1,1,1,1,0.06792271364644908,1.0010974149920846,0.28109436914884695,-2.02430716584078,13.97299482804362,0.6778698247796376,0.6967916732094994,-8.881784197001252e-15,25.349090209843023,702.1137797844787,0.7952359041618288,17.18338333886952,0.2836918924238882,475.94174487787365,0.20517336887317922,-31.649272156397622,-0.35165857951552915,-25.24228050936552,-0.2804697834373947,-97.96251953381531,-1.0884724392646146,8.165706870973505,-0.41597162435752616,226.172034906605,0.13820402263330028,-3.762667765180978,-0.04180741961312198,61.662148329664106,0.6851349814407123,66.20520712122898,0.7356134124580997
175,1,1,1,1,1,1,0,0.9480578303337097,5.860533,1,1,1,1,1,1,1,0.06021364701540071,0.9962574810119513,0.5264117298079107,-1.3489044846032887,15.651224508539729,0.6440532820091491,0.7094184606456267,6.927791673660977e-14,47.4718097940774,763.0215935784756,0.8642219884227835,30.57437490078962,0.284522090274399,491.42656158806835,0.2053437140792485,-34.37951260128697,-0.3819945844587441,-34.660592274459674,-0.3851176919384408,-115.06926713204209,-1.2785474125782454,16.89743489328778,-0.43064906916565426,271.5950319904073,0.13492683087433582,-6.4991272547210945,-0.07221252505245661,73.799431985305,0.8199936887256112,79.95679332306386,0.8884088147007095
176,1,1,1,1,1,1,0,0.9497543573379517,5.893856,1,1,1,1,1,1,1,0.05313742855586722,0.9888363576283297,0.7233889055301582,-0.3078531923777808,19.55008494594571,0.6301890994097537,0.7248367558735231,3.197442310920451e-14,65.23521150070968,856.9035991113719,0.9705556678121778,41.110519185437035,0.28513717658196136,540.0113074049721,0.20538678767526136,-38.963735105794264,-0.4329303900643807,-43.555218455058025,-0.48394687172286693,-137.37025705148434,-1.526336189460937,24.124692315272643,-0.4473447756182225,316.8922917063999,0.13251323899971054,-8.38224806120818,-0.09313608956897979,88.79464113698376,0.986607123744264,97.21678509341913,1.0801865010379903
177,1,1,1,1,1,1,0,0.9518823027610779,5.927189,1,1,1,1,1,1,1,0.04708700063818155,0.9812622654275781,0.8258565432017049,0.5854661133798219,24.6894860204638,0.6295335408285998,0.7366125415858734,1.7763568394002505e-14,74.47574306592976,937.4631341045925,1.0617999027121898,46.8849782381358,0.2854616489414557,590.1644862091406,0.20446426399624879,-43.36244050048241,-0.4818048944498045,-49.562734076457446,-0.5506970452939716,-156.41635137225592,-1.7379594596917325,27.59076482779396,-0.4591718310211306,347.2986478954519,0.13271440337019946,-8.917673564693787,-0.09908526182993097,101.36819390084626,1.1263132655649586,110.99612851162752,1.2332903167958613
178,1,1,1,1,1,1,0,0.954757809638977,5.960522,1,1,1,1,1,1,1,0.042279843837975825,0.9770478411118199,0.8159320997714209,0.5822453653867998,31.29480950640206,0.6327943868264605,0.7325039605672464,2.842170943040401e-14,73.58075675738675,937.1726870505819,1.0614709333453185,46.56148985451749,0.2847671025597499,593.0376158526793,0.2037690079538701,-44.36590233715994,-0.4929544704128882,-48.451978765706635,-0.5383553196189627,-158.03167659741803,-1.7559075177490893,27.019266902869262,-0.4555443539613727,344.13507119790256,0.1330391931241044,-8.60540712043408,-0.09561563467148979,99.20320785724215,1.1022578650804684,109.1055712312179,1.2122841247913099
179,1,1,1,1,1,1,0,0.9568222761154175,5.993856,1,1,1,1,1,1,1,0.038377757778734575,0.9745787881912978,0.7690730244488115,0.04564702632954041,34.23326207198983,0.6259655493264942,0.7108855890989599,2.842170943040401e-14,69.35500534479384,888.7822488343982,1.006662417979837,43.413844019195814,0.2834611629012721,556.3470686232608,0.203916503615657,-41.28046914413432,-0.45867187937927023,-42.20196708823814,-0.46891074542486827,-145.02710470353696,-1.611412274483744,25.941161325598024,-0.4350819784446668,332.43518021113726,0.1334796442440082,-7.814506371537246,-0.08682784857263606,89.07143398542203,0.9896825998380225,96.12930853473455,1.0681034281637172
180,1,1,1,1,1,1,0,0.9580391645431519,6.027189,0,0,0,0,0,0,0,,,,,,,,,,,,,,,,,,,,,,,,,,,,,,,
181,1,1,1,1,1,1,0,0.9591581225395203,6.060522,0,0,0,0,0,0,0,,,,,,,,,,,,,,,,,,,,,,,,,,,,,,,
182,1,1,1,1,1,1,0,0.9591479897499084,6.093856,0,0,0,0,0,0,0,,,,,,,,,,,,,,,,,,,,,,,,,,,,,,,
183,1,1,1,1,1,1,0,0.9604960680007935,6.127189,0,0,0,0,0,0,0,,,,,,,,,,,,,,,,,,,,,,,,,,,,,,,
184,1,1,1,1,1,1,0,0.9623468518257141,6.160511,0,0,0,0,0,0,0,,,,,,,,,,,,,,,,,,,,,,,,,,,,,,,
185,1,1,1,1,1,1,0,0.9636234045028687,6.193844,0,0,0,0,0,0,0,,,,,,,,,,,,,,,,,,,,,,,,,,,,,,,
186,1,1,1,0,1,0,0,0.965833842754364,6.227178,0,0,0,0,0,0,0,,,,,,,,,,,,,,,,,,,,,,,,,,,,,,,
187,1,1,1,0,1,0,0,0.9689011573791504,6.260511,0,0,0,0,0,0,0,,,,,,,,,,,,,,,,,,,,,,,,,,,,,,,
188,1,1,1,0,1,0,0,0.9715799689292908,6.293844,0,0,0,0,0,0,0,,,,,,,,,,,,,,,,,,,,,,,,,,,,,,,
189,1,1,1,0,1,0,0,0.9739174842834473,6.327178,0,0,0,0,0,0,0,,,,,,,,,,,,,,,,,,,,,,,,,,,,,,,
190,1,1,1,0,1,0,0,0.9758003950119019,6.360511,0,0,0,0,0,0,0,,,,,,,,,,,,,,,,,,,,,,,,,,,,,,,
191,1,1,1,0,1,0,0,0.9774097204208374,6.393844,0,0,0,0,0,0,0,,,,,,,,,,,,,,,,,,,,,,,,,,,,,,,
192,1,1,1,0,1,0,0,0.9783926010131836,6.427178,0,0,0,0,0,0,0,,,,,,,,,,,,,,,,,,,,,,,,,,,,,,,
193,1,1,1,0,1,0,0,0.9794362187385559,6.4605,0,0,0,0,0,0,0,,,,,,,,,,,,,,,,,,,,,,,,,,,,,,,
194,1,1,1,0,1,0,1,0.9798414707183838,6.493833,0,0,0,0,0,0,0,,,,,,,,,,,,,,,,,,,,,,,,,,,,,,,
195,1,1,1,0,1,0,1,0.979996919631958,6.527167,0,0,0,0,0,0,0,,,,,,,,,,,,,,,,,,,,,,,,,,,,,,,
196,1,1,1,1,1,1,1,0.9798951745033264,6.5605,0,0,0,0,0,0,0,,,,,,,,,,,,,,,,,,,,,,,,,,,,,,,
197,1,1,1,1,1,1,1,0.9790013432502747,6.593833,0,0,0,0,0,0,0,,,,,,,,,,,,,,,,,,,,,,,,,,,,,,,
198,1,1,1,1,1,1,1,0.9779790043830872,6.627167,0,0,0,0,0,0,0,,,,,,,,,,,,,,,,,,,,,,,,,,,,,,,
199,1,1,1,1,1,1,1,0.9772154092788696,6.6605,0,0,0,0,0,0,0,,,,,,,,,,,,,,,,,,,,,,,,,,,,,,,
200,1,1,1,1,1,1,1,0.973334789276123,6.693833,0,0,0,0,0,0,0,,,,,,,,,,,,,,,,,,,,,,,,,,,,,,,
201,1,1,1,1,1,1,0,0.9647321701049805,6.727167,0,0,0,0,0,0,0,,,,,,,,,,,,,,,,,,,,,,,,,,,,,,,
202,1,1,1,1,1,1,0,0.9582179188728333,6.760489,0,0,0,0,0,0,0,,,,,,,,,,,,,,,,,,,,,,,,,,,,,,,
203,1,1,1,1,1,1,0,0.9487892985343933,6.793822,0,0,0,0,0,0,0,,,,,,,,,,,,,,,,,,,,,,,,,,,,,,,
204,1,1,1,1,1,1,0,0.9458948969841003,6.827156,0,0,0,0,0,0,0,,,,,,,,,,,,,,,,,,,,,,,,,,,,,,,
205,1,1,1,1,1,1,0,0.9421578645706177,6.860489,0,0,0,0,0,0,0,,,,,,,,,,,,,,,,,,,,,,,,,,,,,,,
206,1,1,1,1,1,1,0,0.9397072792053223,6.893822,0,0,0,0,0,0,0,,,,,,,,,,,,,,,,,,,,,,,,,,,,,,,
207,1,1,1,1,1,1,0,0.936046838760376,6.927156,1,1,1,1,0,1,0,0.21331530350379652,0.9635601226503563,-3.1617503833930534,2.4484557648469703,-42.93184387744813,0.8974005727591886,0.4842022598289591,-1.0658141036401503e-13,-285.1266495743856,1105.4675408739001,1.2520869191005777,,,,,,,,,,,,,,,,,,,,
208,1,1,1,1,1,1,0,0.9306621551513672,6.960489,1,1,1,1,1,1,1,0.198599953901455,0.9781856264414704,-3.2053027860644945,1.679899291911908,-42.1714944244532,0.8946304633706407,0.4957388789003571,-4.263256414560601e-14,-289.0542052472962,1036.1591181446163,1.1735860438833574,-258.59669757962087,0.4219018316892408,926.9795119914324,0.22622772973116076,-39.50974485488602,-0.43899716505428915,76.69302779551597,0.8521447532835108,-71.07527606879927,-0.7897252896533252,-30.457507667675323,-0.07148434219111448,109.17960615318381,0.14994207761138134,2.6790846895293488,0.02976760766143721,34.82716504241341,0.38696850047126014,31.04484194581486,0.3449426882868318
209,1,1,1,1,1,1,0,0.9216541647911072,6.993822,1,1,1,1,1,1,1,0.18035815610246705,0.9958022057924858,-3.1370496767768503,0.5495046953859822,-33.98876676701032,0.9151814630502186,0.5008269574245646,-6.394884621840902e-14,-282.89913985173644,934.2201334299082,1.058126779284073,-258.90404870516056,0.42127310468704393,854.9809485233538,0.22665316647524192,-36.49040231590982,-0.40544891462122024,46.37422552523644,0.5152691725026272,-69.86323658764636,-0.7762581843071817,-23.995091146575874,-0.07664019038795099,79.23918490655434,0.14286449194365225,1.468649896331737,0.016318332181463745,20.083594740881637,0.22315105267646262,18.568006832877373,0.20631118703197082
210,1,1,1,1,1,1,0,0.9134984016418457,7.027156,1,1,1,1,1,1,1,0.1578268026862243,1.0145061880024995,-2.8206131351974113,-0.7598000161433786,-26.270489149756603,0.9294454354558334,0.49590397026844096,0.0,-254.36289253210262,816.1470345441903,0.9243935151706765,-236.41642941330545,0.4077025073787772,758.564135917912,0.2270662741770983,-32.559403840194044,-0.3617711537799338,23.28651007605004,0.25873900084500046,-63.023947366529065,-0.7002660818503229,-17.94646311879716,-0.08380181958462248,57.58289862627828,0.1374627395524962,0.49870053238289525,0.005541117026476614,9.020491458950742,0.10022768287723047,7.0703467460620635,0.07855940828957848
211,1,1,1,1,1,1,0,0.9149830341339111,7.060478,1,1,1,1,1,1,1,0.1311102868914418,1.0319446202913636,-2.2472206523288487,-1.9846654088300046,-17.613213141074965,0.9201274985218224,0.4799516964606166,7.105427357601002e-15,-202.65435842701564,705.6886734317104,0.7992849398932046,-186.4678478839947,0.3770670638924487,649.3235538199029,0.2274408207901124,-28.341975212083117,-0.31491083568981243,7.7430381007001365,0.08603375667444596,-57.00397600406339,-0.6333775111562598,-16.186510543020937,-0.0954035231148553,56.36511961180747,0.13384051511102654,-0.3133809713564509,-0.0034820107928494543,5.72370217865736,0.06359669087397067,1.7129523466539869,0.019032803851710967
212,1,1,1,1,1,1,0,0.914812445640564,7.093811,1,1,1,1,0,1,0,0.10161668220543375,1.0475642660385873,-1.6228609945208154,-3.2404068837099627,-5.030267387557808,0.9257777162632139,0.45877425917887665,8.881784197001252e-15,-146.34960448588717,592.4459072270358,0.6710226608076065,,,,,,,,,,,,,,,,,,,,
213,1,1,1,1,1,1,0,0.9159641265869141,7.127144,1,1,1,1,0,1,0,0.06986651205775656,1.061283354310884,-0.9033761056026781,-4.80662243992242,7.3420108871154905,0.9197078820469229,0.4403912198186787,-1.2434497875801753e-14,-81.46645720324953,451.2045883677963,0.5110483501730618,,,,,,,,,,,,,,,,,,,,
214,1,1,1,1,1,1,0,0.916964590549469,7.160478,1,1,1,1,0,1,0,0.03759661512744491,1.0671806338169767,-0.2795411719796587,-5.7128012307725164,21.629210299202782,0.8725337712418699,0.42803902842905706,-2.1316282072803006e-14,-25.20902288912563,369.4853850089346,0.4184906388140611,,,,,,,,,,,,,,,,,,,,
215,1,1,1,1,1,1,0,0.9175727367401123,7.193811,1,1,1,1,0,1,0,0.005448037573056863,1.062958193470071,0.2593252917123853,-5.607591991924922,35.27023601540306,0.7695779660608304,0.4197120028107393,-1.4210854715202004e-14,23.38595480662291,378.97315416821067,0.4292367812529286,,,,,,,,,,,,,,,,,,,,
216,1,1,1,1,1,1,0,0.9200389385223389,7.227144,1,1,1,1,0,1,0,-0.026734015110180774,1.0492839268617613,0.8802354981556987,-4.6001035997944895,48.041096289110435,0.6485958375574756,0.4181201850810465,-1.4210854715202004e-14,79.37963722368093,469.8284573705331,0.5321423234460676,,,,,,,,,,,,,,,,,,,,
217,1,1,1,1,1,1,0,0.9239034652709961,7.260478,1,1,1,1,0,1,0,-0.058550033868029004,1.0306041217730013,1.6473196893438442,-3.399210965953381,58.092448958906644,0.5368187786808312,0.4261527939134911,0.0,148.5552895850279,578.1249550903243,0.6548023050065968,,,,,,,,,,,,,,,,,,,,
218,1,1,1,1,1,1,0,0.9271431565284729,7.293811,1,1,1,1,0,1,0,-0.0876873929715358,1.008071766229592,2.228012245758485,-1.9582109910559016,60.22616910882978,0.5054532425654161,0.4530751338057585,5.684341886080802e-14,200.92214432250023,708.074332826579,0.8019870119227307,,,,,,,,,,,,,,,,,,,,
219,1,1,1,1,1,1,0,0.9300527572631836,7.327144,1,1,1,1,0,1,0,-0.11431050613872248,0.9827008378372373,2.762250178360261,-0.2731234160261196,57.70111506877963,0.48324469637551454,0.4900624081393932,-4.263256414560601e-14,249.0997210845284,860.0355303427647,0.9741029905343352,,,,,,,,,,,,,,,,,,,,
220,1,1,1,1,1,1,0,0.9323341250419617,7.360467,0,0,0,0,0,0,0,,,,,,,,,,,,,,,,,,,,,,,,,,,,,,,
221,1,1,1,1,1,1,0,0.9340824484825134,7.3938,0,0,0,0,0,0,0,,,,,,,,,,,,,,,,,,,,,,,,,,,,,,,
222,1,1,1,1,1,1,0,0.9342629909515381,7.427133,0,0,0,0,0,0,0,,,,,,,,,,,,,,,,,,,,,,,,,,,,,,,
223,1,1,1,1,1,1,0,0.9362642765045166,7.460467,0,0,0,0,0,0,0,,,,,,,,,,,,,,,,,,,,,,,,,,,,,,,
224,1,1,1,1,1,1,0,0.9361510276794434,7.4938,0,0,0,0,0,0,0,,,,,,,,,,,,,,,,,,,,,,,,,,,,,,,
225,1,1,1,1,1,1,0,0.9396911859512329,7.527133,0,0,0,0,0,0,0,,,,,,,,,,,,,,,,,,,,,,,,,,,,,,,
226,1,1,1,0,1,0,0,0.9451923370361328,7.560467,0,0,0,0,0,0,0,,,,,,,,,,,,,,,,,,,,,,,,,,,,,,,
227,1,1,1,0,1,0,0,0.9500432014465332,7.5938,0,0,0,0,0,0,0,,,,,,,,,,,,,,,,,,,,,,,,,,,,,,,
228,1,1,1,0,1,0,0,0.9544962644577026,7.627133,0,0,0,0,0,0,0,,,,,,,,,,,,,,,,,,,,,,,,,,,,,,,
229,1,1,1,0,1,0,0,0.958321750164032,7.660456,0,0,0,0,0,0,0,,,,,,,,,,,,,,,,,,,,,,,,,,,,,,,
230,1,1,1,0,1,0,0,0.9616446495056152,7.693789,0,0,0,0,0,0,0,,,,,,,,,,,,,,,,,,,,,,,,,,,,,,,
231,1,1,1,0,1,0,0,0.9632277488708496,7.727122,0,0,0,0,0,0,0,,,,,,,,,,,,,,,,,,,,,,,,,,,,,,,
232,1,1,1,0,1,0,0,0.9595669507980347,7.760456,0,0,0,0,0,0,0,,,,,,,,,,,,,,,,,,,,,,,,,,,,,,,
233,1,1,1,0,1,0,0,0.9584318995475769,7.793789,0,0,0,0,0,0,0,,,,,,,,,,,,,,,,,,,,,,,,,,,,,,,
234,1,1,1,0,1,0,0,0.9607866406440735,7.827122,0,0,0,0,0,0,0,,,,,,,,,,,,,,,,,,,,,,,,,,,,,,,
235,1,1,1,0,1,0,1,0.9631954431533813,7.860456,0,0,0,0,0,0,0,,,,,,,,,,,,,,,,,,,,,,,,,,,,,,,
236,1,1,1,1,1,1,1,0.9655906558036804,7.893789,0,0,0,0,0,0,0,,,,,,,,,,,,,,,,,,,,,,,,,,,,,,,
237,1,1,1,1,1,1,1,0.9681383967399597,7.927111,0,0,0,0,0,0,0,,,,,,,,,,,,,,,,,,,,,,,,,,,,,,,
238,1,1,1,1,1,1,1,0.970775842666626,7.960444,0,0,0,0,0,0,0,,,,,,,,,,,,,,,,,,,,,,,,,,,,,,,
239,1,1,1,1,1,1,1,0.9731221199035645,7.993778,0,0,0,0,0,0,0,,,,,,,,,,,,,,,,,,,,,,,,,,,,,,,
240,1,1,1,1,1,1,1,0.9751313328742981,8.027111,0,0,0,0,0,0,0,,,,,,,,,,,,,,,,,,,,,,,,,,,,,,,
241,1,1,1,1,1,1,0,0.9761373400688171,8.060444,0,0,0,0,0,0,0,,,,,,,,,,,,,,,,,,,,,,,,,,,,,,,
242,1,1,1,1,1,1,0,0.9703150987625122,8.093778,0,0,0,0,0,0,0,,,,,,,,,,,,,,,,,,,,,,,,,,,,,,,
243,1,1,1,1,1,1,0,0.9608606100082397,8.127111,0,0,0,0,0,0,0,,,,,,,,,,,,,,,,,,,,,,,,,,,,,,,
244,1,1,1,1,1,1,0,0.951542854309082,8.160444,0,0,0,0,0,0,0,,,,,,,,,,,,,,,,,,,,,,,,,,,,,,,
245,1,1,1,1,1,1,0,0.9526286721229553,8.193778,0,0,0,0,0,0,0,,,,,,,,,,,,,,,,,,,,,,,,,,,,,,,
246,1,1,1,1,1,1,0,0.9494398832321167,8.2271,0,0,0,0,0,0,0,,,,,,,,,,,,,,,,,,,,,,,,,,,,,,,
247,1,1,1,1,1,1,0,0.9462199211120605,8.260433,1,1,1,0,0,1,0,0.015167049961799512,0.9487660675391439,-3.1289057268438984,4.138732044137035,-16.80015822237538,1.3371653889759558,0.32032586292764575,4.973799150320701e-14,-282.16471844678284,1257.8966557402782,1.424732875456199,,,,,,,,,,,,,,,,,,,,
248,1,1,1,1,1,1,0,0.9420459866523743,8.293767,1,1,1,0,0,1,0,0.014081128900524539,0.941319099628434,-3.4760652887818537,5.181820947963597,-28.040534829448813,1.1877646012395173,0.375030539069638,9.592326932761353e-14,-313.47156774234764,1351.9624130873574,1.531274677865395,,,,,,,,,,,,,,,,,,,,
249,1,1,1,1,1,1,0,0.935834527015686,8.3271,1,1,1,0,0,1,0,0.007175184991824453,0.9422601450523541,-3.352315477958116,5.321469418954936,-34.964729539122,1.0051470144837185,0.4663825028030738,-2.1316282072803006e-14,-302.311809802263,1364.5559122013565,1.5455384666455503,,,,,,,,,,,,,,,,,,,,
250,1,1,1,1,1,1,0,0.9322121739387512,8.360433,1,1,1,1,0,1,0,-0.003683215893830969,0.9524433032005863,-3.103881049645921,4.35860529525251,-36.31517291716656,0.8659209247426731,0.597749443657271,-3.552713678800501e-14,-279.90799305706923,1277.724825525872,1.4471908772520916,,,,,,,,,,,,,,,,,,,,
251,1,1,1,1,1,1,0,0.9261727333068848,8.393767,1,1,1,1,1,1,1,-0.0178648334198866,0.9699872704421268,-2.7893888773339093,2.539526121604166,-36.34539201390738,0.7732214733908683,0.7663100068212729,-2.1316282072803006e-14,-251.547088957972,1113.680265646264,1.2613889066103339,-194.50161075126692,0.3077660873506527,861.1214958893379,0.1726005114620949,-52.53791837904256,-0.5837546486560284,-2.799807905473756,-0.031108976727486175,-239.65408238312273,-2.6628231375902525,-57.04547820670506,-0.4574959837431719,252.5587697569261,0.08249420839104415,4.086488574640786,0.04540542860711984,107.38161532226016,1.193129059136224,143.24128116159636,1.591569790684404
252,1,1,1,1,1,1,0,0.9271224737167358,8.4271,1,1,1,1,1,1,1,-0.03474269810877644,0.9910916936370165,-2.450292563225632,0.4091308397291041,-39.3324634178871,0.7750811825574258,0.7407252672685839,1.4210854715202004e-14,-220.96738335168754,921.5612191267708,1.0437888992261533,-171.26766079484602,0.2887090964034994,714.2847595198405,0.17863541707703418,-39.751822776249455,-0.4416869197361051,0.869543329386893,0.009661592548743256,-171.82195157560503,-1.9091327952845003,-49.69972255684153,-0.4499230285851552,207.27645960693033,0.08234304536042945,1.420449109937407,0.01578276788819341,77.52536298686726,0.8613929220763029,93.86585701670685,1.0429539668522985
253,1,1,1,1,1,1,0,0.9130538702011108,8.460433,1,1,1,1,1,1,1,-0.0569027591978913,1.0125219661455607,-1.5003987035127062,-1.7019825810891906,-16.4830470975736,0.7604521729855835,0.6948141042922367,3.907985046680551e-14,-135.30595508277588,731.181010837377,0.8281583541028168,-102.89370756058668,0.24362369794053645,556.0281885370789,0.181387430767562,-27.669382713396168,-0.3074375857044019,-10.156244383877597,-0.11284715982086219,-115.39140467761398,-1.2821267186401553,-32.4122475221892,-0.4449222798159087,175.15282230029817,0.08376808455901051,-1.6043461808591275,-0.017826068676212527,49.52971934875423,0.5503302149861581,53.511503263629635,0.5945722584847737
254,1,1,1,1,1,1,0,0.9117021560668945,8.493767,1,1,1,1,1,1,1,-0.07911399340994237,1.0320448945016512,-0.9692294742869878,-3.7314492891482396,0.16769119373986136,0.7723446603211752,0.6929176613666886,2.2815083156046967e-14,-87.40511399120058,548.163703104612,0.6208672591512198,-67.5068730758674,0.21584903196772012,423.3713090747291,0.18590289617747902,-19.893225039107623,-0.22103583376786248,-14.157440698892543,-0.1573048966543616,-82.38857321500593,-0.9154285912778437,-19.89824091533317,-0.4698654885832332,124.7923940298829,0.08583180809393319,-1.6628881511821236,-0.018476535013134707,29.344181760879145,0.3260464640097683,31.912200480397367,0.3545800053377485
255,1,1,1,1,1,1,0,0.9123284816741943,8.527089,1,1,1,1,0,1,0,-0.10258889787377132,1.0454956906725112,-0.40606408622932666,-5.117324586714312,17.145500152551403,0.7536690910641675,0.6958955452398431,-2.4868995751603507e-14,-36.618859296160686,423.1854687701035,0.4793130238646545,,,,,,,,,,,,,,,,,,,,
256,1,1,1,1,1,1,0,0.9145674109458923,8.560422,1,1,1,1,0,1,0,-0.12786140651189648,1.0503739665931213,0.45338217389228014,-5.495686260753487,26.324710410588903,0.5637546328794776,0.6799357127044845,2.4868995751603507e-14,40.886004441605834,389.06481300525064,0.4406669079230384,,,,,,,,,,,,,,,,,,,,
257,1,1,1,1,1,1,0,0.9170019626617432,8.593756,1,1,1,1,0,1,0,-0.1522454378749359,1.0452072019282614,1.1901401879105113,-4.615339457600006,30.048043269598296,0.41783912195255773,0.6612903952679644,-2.1316282072803006e-14,107.32684214576994,468.4544877136316,0.5305861226793879,,,,,,,,,,,,,,,,,,,,
258,1,1,1,1,1,1,0,0.9199007153511047,8.627089,1,1,1,1,0,1,0,-0.1736801548062618,1.0327625936510878,1.5304411605003945,-2.9940356828954866,31.200550726552564,0.43431343351525387,0.6702642882565236,-2.842170943040401e-14,138.0151838539256,614.6636621164853,0.6961871810131218,,,,,,,,,,,,,,,,,,,,
259,1,1,1,1,1,1,0,0.9223801493644714,8.660422,1,1,1,1,1,1,1,-0.19215058649622505,1.0159883383075996,1.578503209829091,-1.0235897921553623,29.635943744300416,0.49960862743865936,0.6889749185681604,-5.3290705182007514e-14,142.34941946238746,792.3584725434296,0.8974498499755685,71.11899807429339,0.047251921140676834,395.8691289068155,0.19063995841373438,-27.391874471180262,-0.3043541607908918,-38.53589549651594,-0.4281766166279549,-118.70951803951411,-1.3189946448834902,71.23042138809409,-0.6733369260011013,396.48934363661414,0.07606426710080208,-18.864970070384825,-0.20961077855983137,80.52466016352905,0.8947184462614339,83.26285153663302,0.925142794851478
260,1,1,1,1,1,1,0,0.9252557158470154,8.693756,1,1,1,1,1,1,1,-0.20862352670635226,0.9979899403440672,1.5151876405415254,0.9630178223248882,27.913707454498518,0.5508569449993231,0.7046920927355766,1.3145040611561853e-13,136.6396214240348,971.5107472172587,1.100363288274163,75.26888442350787,0.02550331809031063,535.1634422461087,0.1858253126365737,-36.904164884486676,-0.41004627649429637,-37.44224433213796,-0.4160249370237551,-147.78817206392446,-1.642090800710272,61.37073700052693,-0.7023178021086398,436.34730497114987,0.07069098471797372,-18.88148630693189,-0.20979429229924323,101.13027852916315,1.123669761435146,108.68265243412891,1.2075850270458768
261,1,1,1,1,1,1,0,0.9286069869995117,8.727089,1,1,1,1,1,1,1,-0.22369531261959308,0.982390768180429,1.4019432883891643,2.5267152272169175,23.421051788223547,0.5723527010101755,0.7158248119783095,-6.750155989720952e-14,126.42724574693486,1112.5249791904218,1.26008039323867,72.3609755845354,0.014306821944086764,636.7566767809273,0.18037631629078862,-44.86423625921603,-0.4984915139912892,-37.02098326035614,-0.41134425844840156,-168.32647753446943,-1.870294194827438,54.06627016239946,-0.7193398394698052,475.76830240949454,0.06409160801997987,-20.759370903092893,-0.23065967670103216,115.52860944844143,1.2836512160937936,125.82110306709747,1.398012256301083
262,1,1,1,1,1,1,0,0.9319136142730713,8.760422,1,1,1,1,1,1,1,-0.2365954845999999,0.9718365960729092,1.0492044128630127,3.3547001793250306,17.09238117193423,0.5851036474548462,0.723669100848164,1.0658141036401503e-13,94.61725395198651,1187.1926621715315,1.344651333301089,55.36090039946877,0.015511924555865308,694.6307568681922,0.17521219499713614,-49.53170839681528,-0.5503523155201698,-40.333335605331456,-0.44814817339257174,-178.68090099642967,-1.9853433444047741,39.256353552517744,-0.7197265153502077,492.5619053033394,0.05883998818077596,-22.11033929195073,-0.24567043657723034,118.81490705355992,1.3201656339284435,130.793453104225,1.4532605900469444
263,1,1,1,1,1,1,0,0.933212161064148,8.793756,1,1,1,1,1,1,1,-0.24760777255439922,0.9671024037027669,0.4843906538037325,3.410519341770707,13.055336217201496,0.6052631439903104,0.7234725763136157,-2.4868995751603507e-14,43.68234916002061,1192.2264342408826,1.3503527401074669,26.43931598947657,0.019953162741147043,721.6107199369936,0.1711713508512541,-50.323010994672295,-0.5591445666074699,-42.33450313277311,-0.47038336814192344,-174.2551118226104,-1.9361679091401154,17.243033170544038,-0.7082409799284338,470.61571430388886,0.055554520893946385,-19.880414257147276,-0.22089349174608083,109.16895050361896,1.2129883389290996,123.91549560453892,1.3768388400504323
264,1,1,1,1,1,1,0,0.9350865483283997,8.827078,1,1,1,1,1,1,1,-0.2580398442282204,0.9678383444573055,-0.09089222350607255,2.7888213759715565,15.44562014306184,0.6344622660594519,0.7157894134312156,-3.730349362740526e-14,-8.196660715777625,1136.1617116851153,1.286852091612997,-5.200471931852761,0.022977854682085283,720.8517342057239,0.16827999563253881,-48.90411996578844,-0.5433791107309827,-42.28231203492432,-0.46980346705471465,-157.20657177601515,-1.7467396864001683,-2.996188783924864,-0.6920181837138482,415.3099774793914,0.055726155687725626,-14.651054030647494,-0.1627894892294166,91.24161124856438,1.0137956805396042,107.74559989236789,1.197173332137421
265,1,1,1,1,1,1,0,0.9362826943397522,8.860411,1,1,1,1,1,1,1,-0.2689331398536901,0.9739247023098783,-0.5229736624923906,1.4663824493408333,22.762647167070796,0.6690400533703036,0.7035275982069341,4.263256414560601e-14,-47.1617648835638,1016.9041692815565,1.1517772899326724,-31.553109694737234,0.02395524965871758,680.3496196886168,0.1671936526997272,-44.258927499806276,-0.49176586110895865,-40.0386901614345,-0.44487433512705005,-131.29452691381056,-1.4588280768201174,-15.608655188826566,-0.6752834335643416,336.5545495929397,0.05841060472830256,-9.13856102178418,-0.10153956690871312,68.90931172487288,0.7656590191652543,85.87883585957353,0.9542092873285948
266,1,1,1,1,1,1,0,0.9368533492088318,8.893744,1,1,1,1,1,1,1,-0.28079400271143135,0.9819212078634075,-0.7397296695669682,0.08851010871181532,26.505502422780175,0.6871095217871717,0.6907090996204777,-1.0658141036401503e-13,-66.7088216015492,892.6476416036318,1.0110404820519103,-45.83626650962622,0.026408149776770154,613.346694146718,0.16847373622639789,-38.118186115745196,-0.4235354012860577,-40.33284274024641,-0.448142697113849,-107.88668552053537,-1.1987409502281707,-20.872555091922983,-0.6582815675474405,279.3009474569137,0.06215395643537419,-5.686108408408707,-0.0631789823156523,51.38577248752302,0.5709530276391447,68.69228628003493,0.7632476253337215
267,1,1,1,1,1,1,0,0.9401562213897705,8.927078,1,1,1,1,1,1,1,-0.2947769776563907,0.9883628129888332,-0.5523110940194221,-0.7534396416195005,21.21202283208115,0.6333133435373688,0.6763243100257347,-1.7763568394002505e-14,-49.8074144586715,816.7206131187537,0.9250431681036965,-31.543700183772735,0.02949288162455642,517.2400622301277,0.17114350062235578,-32.3923152296804,-0.35991461366311556,-46.56419888873876,-0.5173799876526529,-98.3563295315007,-1.0928481059055635,-18.263714274898767,-0.6416126655357319,299.480550888626,0.0649649071580669,-4.993639553430717,-0.05548488392700797,43.64727477507321,0.48496971972303565,62.91229532618682,0.699025503624298
268,1,1,1,1,1,1,0,0.9453043341636658,8.960411,1,1,1,1,1,1,1,-0.31038944666488255,0.9923260169598779,-0.08037203003240459,-1.0054274666583578,8.920501280352353,0.5111574688046154,0.6591047487816182,1.7763568394002505e-15,-7.2479496683222475,793.9963510567495,0.8993049621211343,-3.704843606482852,0.03051495936176911,405.8571650462689,0.17536201414956365,-26.761729961804647,-0.29735255513116277,-51.172721521034795,-0.5685857946781644,-93.1970030422894,-1.0355222560254378,-3.5431060618393957,-0.6276283506799154,388.1391860104806,0.06703035648663888,-6.087164050655525,-0.06763515611839471,36.853065035522434,0.4094785003946937,57.85103971488532,0.6427893301653924
269,1,1,1,1,1,1,0,0.9501413702964783,8.993744,1,1,1,1,1,1,1,-0.3263013845490967,0.9939772649509223,0.46385719302901357,-0.7665806192305161,-5.464339489942549,0.37054789864765336,0.6386822765823762,-1.1546319456101628e-14,41.83064166735645,815.5355597577923,0.9237009398094826,15.500256368921905,0.02783495576414971,302.19498794068767,0.18075980613480697,-21.046068838594852,-0.23384520931772057,-48.126797268367945,-0.5347421918707549,-81.63711584154838,-0.9070790649060931,26.33038529843455,-0.617431128269984,513.3405718171047,0.06877001245775335,-7.255635650531556,-0.08061817389479506,23.662704163118708,0.2629189351457634,42.14102513313141,0.46823361259034896
270,1,1,1,1,1,1,0,0.9544969201087952,9.027078,1,1,1,1,1,1,1,-0.341751208149443,0.9940625986139678,1.0231121710528832,-0.20241206110840937,-20.897493006126805,0.23707125447929567,0.6136416091260174,-3.552713678800501e-15,92.26425558554902,866.4122803292439,0.981325495899019,21.87320281526447,0.018945318407384323,205.40144619392103,0.18651490464465428,-14.599259966466608,-0.16221399962740676,-37.08995845569452,-0.4121106495077169,-60.083021238806325,-0.6675891248756258,70.39105277028456,-0.6105931860065239,661.0108341353229,0.06981552768295371,-7.924020829758298,-0.08804467588620331,4.663567226261211,0.05181741362512457,13.416196629926803,0.14906885144363116
271,1,1,1,1,1,1,0,0.9586182236671448,9.060411,1,1,1,1,1,1,1,-0.3556808801377655,0.9931638010398905,1.4723784700162303,0.582184331023037,-34.014555450986066,0.14337148178565462,0.5888174194311613,-2.842170943040401e-14,132.77909042606368,937.1671829716577,1.0614646992543408,19.036734944536175,0.0037952584143092216,134.36304770353428,0.19091296764361515,-9.338938171929124,-0.10376597968810138,-24.65400500261454,-0.27393338891793934,-37.24974419916502,-0.41388604665738915,113.7423554815275,-0.607951672904226,802.8041352681234,0.0705793010258584,-6.802156446711289,-0.07557951607456988,-11.611502112270934,-0.1290166901363437,-16.051126994685152,-0.1783458554965017
272,1,1,1,1,1,1,0,0.9624266028404236,9.093744,1,1,1,1,1,1,1,-0.3673517863222344,0.9931062164413834,1.7405649068443552,1.232112063604613,-39.92071864211839,0.0997618769101007,0.5671851588597243,2.1316282072803006e-14,156.964143299224,995.7776658958642,1.1278487551204712,15.659037543116591,-0.016585360072815386,99.34064893493058,0.19344823566120012,-6.5590061364257615,-0.07287784596028624,-16.605693750105942,-0.18450770833451047,-23.06314343327879,-0.2562571492586532,141.3051057561074,-0.6100831340559885,896.4370169609335,0.07094981455418733,-3.6214740738560174,-0.04023860082062242,-18.514046912493797,-0.20571163236104217,-33.38567534557253,-0.37095194828413924
273,1,1,1,1,1,1,0,0.9658405184745789,9.127067,1,1,1,1,1,1,1,-0.3770339157985783,0.9955159098395621,1.9323569279154396,1.4457447223204167,-39.570543952441895,0.07286465788740838,0.5471479959581408,-1.4210854715202004e-14,174.2599477594144,1015.0430590588554,1.1496693386100978,12.697391476967386,-0.03933919876350958,73.96076523931197,0.19155038678520883,-4.547798542027464,-0.05053109491141627,-10.429375928390115,-0.11588195475989017,-11.55558222491953,-0.12839535805466143,161.562556282447,-0.6152506042273946,941.0822938195435,0.07063243195239045,-3.8052674474099297,-0.04228074941566588,-20.43798377478292,-0.22708870860869912,-46.00855496849832,-0.5112061663166481
274,1,1,1,1,1,1,0,0.9689040780067444,9.1604,1,1,1,1,1,1,1,-0.38403521078309927,1.0006677597658804,1.9366042709987017,1.214925681776795,-35.528326765836376,0.06577634831836586,0.52755636688158,-7.105427357601002e-15,174.64297315866295,994.2277979826317,1.1260933265178747,11.487377033839234,-0.06263420465136074,65.39667394790747,0.18506708822413404,-3.618903062107089,-0.0402100340234121,-7.001689464002645,-0.0777965496000294,-5.642702775338916,-0.06269669750376573,163.15559612482372,-0.6182124594307338,928.8311240347242,0.07152328239627434,-3.9562866900595757,-0.04395874100066195,-18.63117831092464,-0.2070130923436071,-51.04486735217281,-0.5671651928019201
275,1,1,1,1,1,1,0,0.971675455570221,9.193733,1,1,1,1,1,1,1,-0.38858128588342217,1.0082516471603866,1.8438123904849681,0.6164068976436834,-28.55282064926137,0.06764684787316753,0.5094481848716695,2.1316282072803006e-14,166.27500137393446,940.2533740295077,1.0649602152333306,11.247979723053268,-0.08425838317518483,63.605176955206595,0.17323197246120403,-3.1112177111451826,-0.03456908567939092,-4.850752433176201,-0.05389724925751334,-2.0811685437459024,-0.023124094930510028,155.02702165088118,-0.6194084826523265,876.648197074301,0.07259135231886096,-3.922791316966181,-0.04358657018851312,-17.579443260213893,-0.1953271473357099,-51.75526686497497,-0.5750585207219441
276,1,1,1,1,1,1,0,0.9740561842918396,9.227067,1,1,1,1,0,1,0,-0.39103288134947306,1.0171717103754074,1.7534183983421399,-0.16293548570757918,-21.60759826943293,0.0644958587967657,0.4975501433819023,1.0658141036401503e-14,158.1232711624942,869.9722778988906,0.9853576598696234,,,,,,,,,,,,,,,,,,,,
277,1,1,1,1,1,1,0,0.9763160943984985,9.2604,1,1,1,1,0,1,0,-0.3919373624359388,1.0263962519006655,1.7800100671341326,-1.0010881166328416,-18.264683510734518,0.024933322092191755,0.4885507785096921,-3.552713678800501e-15,160.5213078541561,794.3876736420506,0.8997481862521809,,,,,,,,,,,,,,,,,,,,
278,1,1,1,1,1,1,0,0.9782395958900452,9.293733,1,1,1,0,0,1,0,-0.39056122361919476,1.0339648753196173,1.7640102496381367,-1.644771356771582,-18.55972853353412,-0.0069967172378769295,0.48569900101688174,-2.1316282072803006e-14,159.0784443123672,736.340319046339,0.8340019470453494,,,,,,,,,,,,,,,,,,,,
279,1,1,1,1,1,1,0,0.9799761176109314,9.327067,1,1,1,0,0,1,0,-0.3870755805931481,1.039042854651769,1.731453498672133,-2.0740156443724755,-19.656148005835075,-0.024312341688946464,0.48681364407115,2.1316282072803006e-14,156.142476510253,697.6310691904904,0.7901586467215883,,,,,,,,,,,,,,,,,,,,
280,1,1,1,1,1,1,0,0.98126620054245,9.3604,1,1,1,1,0,1,0,-0.38165503038589205,1.0402422697365887,1.683138037285841,-2.0638598765469656,-17.824061032965524,0.002976309062306349,0.49012994132625054,3.907985046680551e-14,151.7853882024372,698.5469163329949,0.7911959636799126,,,,,,,,,,,,,,,,,,,,
281,1,1,1,1,1,1,0,0.9825995564460754,9.393733,1,1,1,1,0,1,0,-0.37438660909044635,1.0380402778057696,1.6015532649358732,-1.702205693971375,-12.615156451006497,0.07274463016029921,0.49323208655952017,-1.5987211554602254e-14,144.42807343191708,731.1608905176615,0.8281355652029239,,,,,,,,,,,,,,,,,,,,
282,1,1,1,1,1,1,0,0.9839375019073486,9.427056,1,1,1,1,1,1,1,-0.36508319416805657,1.0335350751376624,1.4148793906050818,-1.1678743440309263,-4.975012475886881,0.18186517956531414,0.49488324609339723,2.398081733190338e-14,127.59382344476631,779.3468916552913,0.882712528774823,23.204873612207415,-0.12589830432627008,141.73606239455899,0.02752378158612448,-4.407464598781069,-0.048971828875345215,-17.580532988799412,-0.19533925543110459,-24.847152883736083,-0.2760794764859565,104.38894983255891,-0.6198851159173057,637.6108292607323,0.0732422192472194,-2.033262386958596,-0.022591804299539955,-8.988111343539332,-0.09986790381710368,-13.422389869994408,-0.1491376652221601
283,1,1,1,1,1,1,0,0.9851840138435364,9.460389,1,1,1,1,1,1,1,-0.35375913121828984,1.0273574245688493,1.083611948036026,-0.5063317480165334,7.556378769825522,0.3355556347802828,0.4948494053581794,6.217248937900877e-15,97.72012547388884,839.0048029638692,0.9502829346062625,32.79053873419965,-0.13160962953584143,281.5327892422472,0.015269009628597476,-5.78756406217725,-0.064306267357525,-27.681122171890344,-0.3075680241321149,-45.669420442853124,-0.5074380049205902,64.92958673968919,-0.6224487806416898,557.4720137216219,0.07842106775673346,1.2002829817503133,0.013336477575003482,9.17611486732114,0.10195683185912377,22.034497884534247,0.24482775427260275
284,1,1,1,1,1,1,0,0.9863889217376709,9.493722,0,0,0,0,0,0,0,,,,,,,,,,,,,,,,,,,,,,,,,,,,,,,
285,1,1,1,1,1,1,0,0.9875666499137878,9.527056,0,0,0,0,0,0,0,,,,,,,,,,,,,,,,,,,,,,,,,,,,,,,
286,1,1,1,1,1,1,0,0.9886086583137512,9.560389,0,0,0,0,0,0,0,,,,,,,,,,,,,,,,,,,,,,,,,,,,,,,
287,1,1,1,1,1,1,0,0.9867883324623108,9.593722,0,0,0,0,0,0,0,,,,,,,,,,,,,,,,,,,,,,,,,,,,,,,
288,1,1,1,1,1,1,0,0.9831258654594421,9.627056,0,0,0,0,0,0,0,,,,,,,,,,,,,,,,,,,,,,,,,,,,,,,
289,1,1,1,1,1,1,0,0.9779072403907776,9.660389,0,0,0,0,0,0,0,,,,,,,,,,,,,,,,,,,,,,,,,,,,,,,
